,event_idx,slice_idx,class,mean_time,station
0,0,0,1.0,2017-05-24T01:43:09.303000Z,ILL08
1,0,1,1.0,2017-05-24T01:43:22.303000Z,ILL08
2,1,0,4.0,2017-05-24T06:46:00.243900Z,ILL08
3,2,0,1.0,2017-05-24T08:16:50.167900Z,ILL08
4,2,1,1.0,2017-05-24T08:17:03.167900Z,ILL08
5,2,2,1.0,2017-05-24T08:17:16.167900Z,ILL08
6,2,3,1.0,2017-05-24T08:17:29.167900Z,ILL08
7,2,4,1.0,2017-05-24T08:17:42.167900Z,ILL08
8,3,0,1.0,2017-05-24T10:33:22.478000Z,ILL08
9,3,1,1.0,2017-05-24T10:33:35.478000Z,ILL08
10,3,2,1.0,2017-05-24T10:33:48.478000Z,ILL08
11,4,0,4.0,2017-05-25T08:58:21.135000Z,ILL08
12,4,1,4.0,2017-05-25T08:58:34.135000Z,ILL08
13,4,2,4.0,2017-05-25T08:58:47.135000Z,ILL08
14,4,3,4.0,2017-05-25T08:59:00.135000Z,ILL08
15,4,4,4.0,2017-05-25T08:59:13.135000Z,ILL08
16,5,0,4.0,2017-05-25T09:35:59.708300Z,ILL08
17,5,1,4.0,2017-05-25T09:36:12.708300Z,ILL08
18,5,2,4.0,2017-05-25T09:36:25.708300Z,ILL08
19,5,3,4.0,2017-05-25T09:36:38.708300Z,ILL08
20,5,4,4.0,2017-05-25T09:36:51.708300Z,ILL08
21,6,0,1.0,2017-05-26T01:07:12.602500Z,ILL08
22,6,1,1.0,2017-05-26T01:07:25.602500Z,ILL08
23,6,2,1.0,2017-05-26T01:07:38.602500Z,ILL08
24,7,0,1.0,2017-05-26T04:20:04.966800Z,ILL08
25,8,0,1.0,2017-05-27T04:02:07.316600Z,ILL08
26,8,1,1.0,2017-05-27T04:02:20.316600Z,ILL08
27,8,2,1.0,2017-05-27T04:02:33.316600Z,ILL08
28,9,0,1.0,2017-05-28T10:53:53.982800Z,ILL08
29,10,0,1.0,2017-05-28T23:12:51.937600Z,ILL08
30,10,1,1.0,2017-05-28T23:13:04.937600Z,ILL08
31,10,2,1.0,2017-05-28T23:13:17.937600Z,ILL08
32,10,3,1.0,2017-05-28T23:13:30.937600Z,ILL08
33,11,0,4.0,2017-05-29T11:41:13.270300Z,ILL08
34,11,1,4.0,2017-05-29T11:41:26.270300Z,ILL08
35,12,0,4.0,2017-05-29T16:31:59.291300Z,ILL08
36,12,1,4.0,2017-05-29T16:32:12.291300Z,ILL08
37,13,0,4.0,2017-05-29T17:38:23.643900Z,ILL08
38,13,1,4.0,2017-05-29T17:38:36.643900Z,ILL08
39,14,0,4.0,2017-05-29T17:42:22.633500Z,ILL08
40,15,0,4.0,2017-05-29T17:44:43.173300Z,ILL08
41,15,1,4.0,2017-05-29T17:44:56.173300Z,ILL08
42,16,0,4.0,2017-05-29T17:54:02.667600Z,ILL08
43,16,1,4.0,2017-05-29T17:54:15.667600Z,ILL08
44,16,2,4.0,2017-05-29T17:54:28.667600Z,ILL08
45,17,0,3.0,2017-05-29T21:08:42.748500Z,ILL08
46,17,1,3.0,2017-05-29T21:08:55.748500Z,ILL08
47,17,2,3.0,2017-05-29T21:09:08.748500Z,ILL08
48,17,3,3.0,2017-05-29T21:09:21.748500Z,ILL08
49,18,0,3.0,2017-05-29T23:16:56.569800Z,ILL08
50,18,1,3.0,2017-05-29T23:17:09.569800Z,ILL08
51,18,2,3.0,2017-05-29T23:17:22.569800Z,ILL08
52,19,0,3.0,2017-05-30T07:03:52.093200Z,ILL08
53,19,1,3.0,2017-05-30T07:04:05.093200Z,ILL08
54,19,2,3.0,2017-05-30T07:04:18.093200Z,ILL08
55,20,0,3.0,2017-05-30T13:43:03.679400Z,ILL08
56,20,1,3.0,2017-05-30T13:43:16.679400Z,ILL08
57,20,2,3.0,2017-05-30T13:43:29.679400Z,ILL08
58,20,3,3.0,2017-05-30T13:43:42.679400Z,ILL08
59,21,0,3.0,2017-05-30T14:26:04.983800Z,ILL08
60,21,1,3.0,2017-05-30T14:26:17.983800Z,ILL08
61,21,2,3.0,2017-05-30T14:26:30.983800Z,ILL08
62,22,0,3.0,2017-05-30T17:56:46.107700Z,ILL08
63,22,1,3.0,2017-05-30T17:56:59.107700Z,ILL08
64,22,2,3.0,2017-05-30T17:57:12.107700Z,ILL08
65,22,3,3.0,2017-05-30T17:57:25.107700Z,ILL08
66,22,4,3.0,2017-05-30T17:57:38.107700Z,ILL08
67,23,0,3.0,2017-05-30T18:12:40.885600Z,ILL08
68,23,1,3.0,2017-05-30T18:12:53.885600Z,ILL08
69,24,0,3.0,2017-05-30T19:24:06.221800Z,ILL08
70,24,1,3.0,2017-05-30T19:24:19.221800Z,ILL08
71,25,0,3.0,2017-05-30T20:01:23.591400Z,ILL08
72,25,1,3.0,2017-05-30T20:01:36.591400Z,ILL08
73,25,2,3.0,2017-05-30T20:01:49.591400Z,ILL08
74,26,0,3.0,2017-05-30T20:04:24.857500Z,ILL08
75,26,1,3.0,2017-05-30T20:04:37.857500Z,ILL08
76,27,0,3.0,2017-05-30T21:34:54.330100Z,ILL08
77,27,1,3.0,2017-05-30T21:35:07.330100Z,ILL08
78,27,2,3.0,2017-05-30T21:35:20.330100Z,ILL08
79,28,0,3.0,2017-05-30T23:01:24.694400Z,ILL08
80,28,1,3.0,2017-05-30T23:01:37.694400Z,ILL08
81,29,0,3.0,2017-05-30T23:41:32.466200Z,ILL08
82,29,1,3.0,2017-05-30T23:41:45.466200Z,ILL08
83,29,2,3.0,2017-05-30T23:41:58.466200Z,ILL08
84,29,3,3.0,2017-05-30T23:42:11.466200Z,ILL08
85,30,0,3.0,2017-05-31T09:26:44.586900Z,ILL08
86,30,1,3.0,2017-05-31T09:26:57.586900Z,ILL08
87,30,2,3.0,2017-05-31T09:27:10.586900Z,ILL08
88,30,3,3.0,2017-05-31T09:27:23.586900Z,ILL08
89,31,0,3.0,2017-05-31T09:31:15.763900Z,ILL08
90,31,1,3.0,2017-05-31T09:31:28.763900Z,ILL08
91,31,2,3.0,2017-05-31T09:31:41.763900Z,ILL08
92,31,3,3.0,2017-05-31T09:31:54.763900Z,ILL08
93,32,0,3.0,2017-06-01T04:07:08.321900Z,ILL08
94,32,1,3.0,2017-06-01T04:07:21.321900Z,ILL08
95,33,0,4.0,2017-06-02T05:43:16.015700Z,ILL08
96,33,1,4.0,2017-06-02T05:43:29.015700Z,ILL08
97,34,0,4.0,2017-06-02T05:43:33.510300Z,ILL07
98,35,0,4.0,2017-06-02T07:00:12.836900Z,ILL06
99,35,1,4.0,2017-06-02T07:00:25.836900Z,ILL06
100,35,2,4.0,2017-06-02T07:00:38.836900Z,ILL06
101,36,0,4.0,2017-06-02T07:00:05.536000Z,ILL07
102,36,1,4.0,2017-06-02T07:00:18.536000Z,ILL07
103,36,2,4.0,2017-06-02T07:00:31.536000Z,ILL07
104,36,3,4.0,2017-06-02T07:00:44.536000Z,ILL07
105,37,0,4.0,2017-06-02T07:00:25.196500Z,ILL08
106,37,1,4.0,2017-06-02T07:00:38.196500Z,ILL08
107,38,0,1.0,2017-06-02T10:05:28.426100Z,ILL08
108,38,1,1.0,2017-06-02T10:05:41.426100Z,ILL08
109,38,2,1.0,2017-06-02T10:05:54.426100Z,ILL08
110,38,3,1.0,2017-06-02T10:06:07.426100Z,ILL06
111,38,4,1.0,2017-06-02T10:06:20.426100Z,ILL06
112,38,5,1.0,2017-06-02T10:06:33.426100Z,ILL07
113,38,6,1.0,2017-06-02T10:06:46.426100Z,ILL06
114,39,0,4.0,2017-06-02T12:57:51.802000Z,ILL07
115,39,1,4.0,2017-06-02T12:58:04.802000Z,ILL07
116,39,2,4.0,2017-06-02T12:58:17.802000Z,ILL07
117,39,3,4.0,2017-06-02T12:58:30.802000Z,ILL07
118,40,0,4.0,2017-06-02T12:57:53.513900Z,ILL06
119,40,1,4.0,2017-06-02T12:58:06.513900Z,ILL06
120,40,2,4.0,2017-06-02T12:58:19.513900Z,ILL06
121,40,3,4.0,2017-06-02T12:58:32.513900Z,ILL06
122,41,0,4.0,2017-06-02T12:58:08.546100Z,ILL08
123,41,1,4.0,2017-06-02T12:58:21.546100Z,ILL08
124,41,2,4.0,2017-06-02T12:58:34.546100Z,ILL08
125,42,0,1.0,2017-06-02T19:04:57.535200Z,ILL06
126,42,1,1.0,2017-06-02T19:05:10.535200Z,ILL06
127,43,0,1.0,2017-06-02T19:05:01.560400Z,ILL07
128,43,1,1.0,2017-06-02T19:05:14.560400Z,ILL07
129,44,0,1.0,2017-06-02T19:05:04.736900Z,ILL08
130,44,1,1.0,2017-06-02T19:05:17.736900Z,ILL08
131,45,0,3.0,2017-06-02T20:18:13.855400Z,ILL06
132,45,1,3.0,2017-06-02T20:18:26.855400Z,ILL06
133,45,2,3.0,2017-06-02T20:18:39.855400Z,ILL06
134,46,0,1.0,2017-06-02T21:03:19.388900Z,ILL07
135,47,0,1.0,2017-06-02T21:03:12.409700Z,ILL06
136,48,0,1.0,2017-06-02T21:03:08.534100Z,ILL08
137,48,1,1.0,2017-06-02T21:03:21.534100Z,ILL08
138,49,0,1.0,2017-06-02T22:36:34.622100Z,ILL08
139,49,1,1.0,2017-06-02T22:36:47.622100Z,ILL08
140,49,2,1.0,2017-06-02T22:37:00.622100Z,ILL07
141,49,3,1.0,2017-06-02T22:37:13.622100Z,ILL08
142,49,4,1.0,2017-06-02T22:37:26.622100Z,ILL08
143,49,5,1.0,2017-06-02T22:37:39.622100Z,ILL06
144,49,6,1.0,2017-06-02T22:37:52.622100Z,ILL08
145,49,7,1.0,2017-06-02T22:38:05.622100Z,ILL06
146,49,8,1.0,2017-06-02T22:38:18.622100Z,ILL06
147,50,0,3.0,2017-06-03T00:01:57.328600Z,ILL08
148,50,1,3.0,2017-06-03T00:02:10.328600Z,ILL08
149,51,0,3.0,2017-06-03T00:02:09.360100Z,ILL06
150,52,0,3.0,2017-06-03T00:01:53.053900Z,ILL07
151,52,1,3.0,2017-06-03T00:02:06.053900Z,ILL07
152,53,0,3.0,2017-06-03T08:09:29.651500Z,ILL08
153,53,1,3.0,2017-06-03T08:09:42.651500Z,ILL08
154,53,2,3.0,2017-06-03T08:09:55.651500Z,ILL08
155,54,0,1.0,2017-06-03T13:25:20.867300Z,ILL08
156,54,1,1.0,2017-06-03T13:25:33.867300Z,ILL07
157,54,2,1.0,2017-06-03T13:25:46.867300Z,ILL07
158,54,3,1.0,2017-06-03T13:25:59.867300Z,ILL08
159,54,4,1.0,2017-06-03T13:26:12.867300Z,ILL08
160,54,5,1.0,2017-06-03T13:26:25.867300Z,ILL07
161,54,6,1.0,2017-06-03T13:26:38.867300Z,ILL08
162,54,7,1.0,2017-06-03T13:26:51.867300Z,ILL07
163,55,0,4.0,2017-06-03T17:17:29.103600Z,ILL07
164,56,0,4.0,2017-06-03T17:17:22.063900Z,ILL06
165,56,1,4.0,2017-06-03T17:17:35.063900Z,ILL06
166,57,0,4.0,2017-06-03T18:14:04.789700Z,ILL07
167,58,0,4.0,2017-06-03T18:14:02.068300Z,ILL06
168,59,0,4.0,2017-06-03T18:28:28.954800Z,ILL07
169,59,1,4.0,2017-06-03T18:28:41.954800Z,ILL07
170,59,2,4.0,2017-06-03T18:28:54.954800Z,ILL07
171,60,0,4.0,2017-06-03T18:28:41.588100Z,ILL06
172,60,1,4.0,2017-06-03T18:28:54.588100Z,ILL06
173,61,0,3.0,2017-06-04T00:02:07.370500Z,ILL06
174,61,1,3.0,2017-06-04T00:02:20.370500Z,ILL06
175,61,2,3.0,2017-06-04T00:02:33.370500Z,ILL06
176,61,3,3.0,2017-06-04T00:02:46.370500Z,ILL06
177,62,0,3.0,2017-06-04T00:02:21.587000Z,ILL07
178,62,1,3.0,2017-06-04T00:02:34.587000Z,ILL07
179,62,2,3.0,2017-06-04T00:02:47.587000Z,ILL07
180,63,0,3.0,2017-06-04T00:51:10.807400Z,ILL06
181,63,1,3.0,2017-06-04T00:51:23.807400Z,ILL06
182,63,2,3.0,2017-06-04T00:51:36.807400Z,ILL06
183,63,3,3.0,2017-06-04T00:51:49.807400Z,ILL06
184,64,0,3.0,2017-06-04T01:07:25.112300Z,ILL07
185,64,1,3.0,2017-06-04T01:07:38.112300Z,ILL07
186,64,2,3.0,2017-06-04T01:07:51.112300Z,ILL07
187,64,3,3.0,2017-06-04T01:08:04.112300Z,ILL07
188,65,0,3.0,2017-06-04T01:11:56.899100Z,ILL06
189,65,1,3.0,2017-06-04T01:12:09.899100Z,ILL06
190,65,2,3.0,2017-06-04T01:12:22.899100Z,ILL06
191,66,0,3.0,2017-06-04T01:19:53.121300Z,ILL07
192,66,1,3.0,2017-06-04T01:20:06.121300Z,ILL07
193,66,2,3.0,2017-06-04T01:20:19.121300Z,ILL07
194,67,0,3.0,2017-06-04T01:19:55.895900Z,ILL06
195,67,1,3.0,2017-06-04T01:20:08.895900Z,ILL06
196,67,2,3.0,2017-06-04T01:20:21.895900Z,ILL06
197,68,0,3.0,2017-06-04T01:20:55.892500Z,ILL06
198,68,1,3.0,2017-06-04T01:21:08.892500Z,ILL06
199,70,0,1.0,2017-06-04T01:40:48.322800Z,ILL07
200,72,0,3.0,2017-06-04T02:24:05.769400Z,ILL07
201,72,1,3.0,2017-06-04T02:24:18.769400Z,ILL07
202,72,2,3.0,2017-06-04T02:24:31.769400Z,ILL07
203,72,3,3.0,2017-06-04T02:24:44.769400Z,ILL07
204,73,0,3.0,2017-06-04T02:24:13.529100Z,ILL06
205,73,1,3.0,2017-06-04T02:24:26.529100Z,ILL06
206,73,2,3.0,2017-06-04T02:24:39.529100Z,ILL06
207,73,3,3.0,2017-06-04T02:24:52.529100Z,ILL06
208,74,0,3.0,2017-06-04T03:01:47.607200Z,ILL08
209,74,1,3.0,2017-06-04T03:02:00.607200Z,ILL08
210,75,0,4.0,2017-06-04T13:44:20.775100Z,ILL08
211,75,1,4.0,2017-06-04T13:44:33.775100Z,ILL08
212,76,0,1.0,2017-06-04T18:01:34.488000Z,ILL06
213,76,1,1.0,2017-06-04T18:01:47.488000Z,ILL08
214,76,2,1.0,2017-06-04T18:02:00.488000Z,ILL06
215,76,3,1.0,2017-06-04T18:02:13.488000Z,ILL06
216,76,4,1.0,2017-06-04T18:02:26.488000Z,ILL07
217,76,5,1.0,2017-06-04T18:02:39.488000Z,ILL08
218,77,0,4.0,2017-06-04T19:53:56.831600Z,ILL08
219,77,1,4.0,2017-06-04T19:54:09.831600Z,ILL08
220,80,0,4.0,2017-06-04T21:29:28.529200Z,ILL07
221,81,0,4.0,2017-06-04T21:29:43.189000Z,ILL07
222,86,0,4.0,2017-06-04T22:34:59.459100Z,ILL07
223,87,0,4.0,2017-06-05T14:10:23.436000Z,ILL08
224,87,1,4.0,2017-06-05T14:10:36.436000Z,ILL08
225,88,0,3.0,2017-06-05T16:51:01.248900Z,ILL06
226,88,1,3.0,2017-06-05T16:51:14.248900Z,ILL06
227,88,2,3.0,2017-06-05T16:51:27.248900Z,ILL06
228,89,0,3.0,2017-06-05T16:51:04.501000Z,ILL08
229,89,1,3.0,2017-06-05T16:51:17.501000Z,ILL08
230,90,0,4.0,2017-06-05T20:36:57.780600Z,ILL06
231,90,1,4.0,2017-06-05T20:37:10.780600Z,ILL06
232,90,2,4.0,2017-06-05T20:37:23.780600Z,ILL06
233,90,3,4.0,2017-06-05T20:37:36.780600Z,ILL06
234,90,4,4.0,2017-06-05T20:37:49.780600Z,ILL06
235,90,5,4.0,2017-06-05T20:38:02.780600Z,ILL06
236,91,0,4.0,2017-06-05T20:37:16.395300Z,ILL07
237,91,1,4.0,2017-06-05T20:37:29.395300Z,ILL07
238,91,2,4.0,2017-06-05T20:37:42.395300Z,ILL07
239,91,3,4.0,2017-06-05T20:37:55.395300Z,ILL07
240,91,4,4.0,2017-06-05T20:38:08.395300Z,ILL07
241,92,0,4.0,2017-06-05T20:37:43.921000Z,ILL08
242,92,1,4.0,2017-06-05T20:37:56.921000Z,ILL08
243,92,2,4.0,2017-06-05T20:38:09.921000Z,ILL08
244,92,3,4.0,2017-06-05T20:38:22.921000Z,ILL08
245,93,0,3.0,2017-06-06T02:30:56.599800Z,ILL06
246,93,1,3.0,2017-06-06T02:31:09.599800Z,ILL06
247,93,2,3.0,2017-06-06T02:31:22.599800Z,ILL06
248,93,3,3.0,2017-06-06T02:31:35.599800Z,ILL06
249,93,4,3.0,2017-06-06T02:31:48.599800Z,ILL06
250,94,0,3.0,2017-06-06T02:31:12.501000Z,ILL07
251,94,1,3.0,2017-06-06T02:31:25.501000Z,ILL07
252,94,2,3.0,2017-06-06T02:31:38.501000Z,ILL07
253,94,3,3.0,2017-06-06T02:31:51.501000Z,ILL07
254,95,0,3.0,2017-06-06T02:31:12.094700Z,ILL08
255,95,1,3.0,2017-06-06T02:31:25.094700Z,ILL08
256,95,2,3.0,2017-06-06T02:31:38.094700Z,ILL08
257,95,3,3.0,2017-06-06T02:31:51.094700Z,ILL08
258,96,0,3.0,2017-06-06T02:59:36.282600Z,ILL07
259,97,0,3.0,2017-06-06T02:59:21.451500Z,ILL06
260,97,1,3.0,2017-06-06T02:59:34.451500Z,ILL06
261,98,0,4.0,2017-06-06T03:40:32.809000Z,ILL07
262,98,1,4.0,2017-06-06T03:40:45.809000Z,ILL07
263,98,2,4.0,2017-06-06T03:40:58.809000Z,ILL07
264,98,3,4.0,2017-06-06T03:41:11.809000Z,ILL07
265,99,0,4.0,2017-06-06T04:06:15.199300Z,ILL07
266,99,1,4.0,2017-06-06T04:06:28.199300Z,ILL07
267,99,2,4.0,2017-06-06T04:06:41.199300Z,ILL07
268,99,3,4.0,2017-06-06T04:06:54.199300Z,ILL07
269,100,0,4.0,2017-06-06T04:06:13.936000Z,ILL08
270,100,1,4.0,2017-06-06T04:06:26.936000Z,ILL08
271,100,2,4.0,2017-06-06T04:06:39.936000Z,ILL08
272,100,3,4.0,2017-06-06T04:06:52.936000Z,ILL08
273,101,0,1.0,2017-06-06T07:17:48.471700Z,ILL06
274,101,1,1.0,2017-06-06T07:18:01.471700Z,ILL07
275,101,2,1.0,2017-06-06T07:18:14.471700Z,ILL07
276,101,3,1.0,2017-06-06T07:18:27.471700Z,ILL07
277,101,4,1.0,2017-06-06T07:18:40.471700Z,ILL07
278,101,5,1.0,2017-06-06T07:18:53.471700Z,ILL07
279,102,0,4.0,2017-06-06T07:24:26.741100Z,ILL06
280,102,1,4.0,2017-06-06T07:24:39.741100Z,ILL06
281,103,0,4.0,2017-06-06T07:24:37.106700Z,ILL07
282,104,0,4.0,2017-06-06T07:24:44.169800Z,ILL08
283,105,0,4.0,2017-06-06T07:27:42.790100Z,ILL08
284,105,1,4.0,2017-06-06T07:27:55.790100Z,ILL08
285,105,2,4.0,2017-06-06T07:28:08.790100Z,ILL08
286,105,3,4.0,2017-06-06T07:28:21.790100Z,ILL08
287,106,0,4.0,2017-06-06T11:20:30.994700Z,ILL08
288,106,1,4.0,2017-06-06T11:20:43.994700Z,ILL08
289,107,0,4.0,2017-06-06T14:37:41.673800Z,ILL07
290,109,0,4.0,2017-06-06T14:37:36.772900Z,ILL08
291,109,1,4.0,2017-06-06T14:37:49.772900Z,ILL08
292,110,0,1.0,2017-06-07T11:09:21.204800Z,ILL07
293,111,0,1.0,2017-06-07T11:09:26.234600Z,ILL06
294,112,0,1.0,2017-06-07T11:09:15.383700Z,ILL08
295,112,1,1.0,2017-06-07T11:09:28.383700Z,ILL08
296,113,0,4.0,2017-06-07T20:48:30.378800Z,ILL07
297,113,1,4.0,2017-06-07T20:48:43.378800Z,ILL07
298,113,2,4.0,2017-06-07T20:48:56.378800Z,ILL07
299,113,3,4.0,2017-06-07T20:49:09.378800Z,ILL07
300,114,0,4.0,2017-06-07T20:48:35.418100Z,ILL06
301,114,1,4.0,2017-06-07T20:48:48.418100Z,ILL06
302,114,2,4.0,2017-06-07T20:49:01.418100Z,ILL06
303,114,3,4.0,2017-06-07T20:49:14.418100Z,ILL06
304,115,0,4.0,2017-06-07T20:48:31.898100Z,ILL08
305,115,1,4.0,2017-06-07T20:48:44.898100Z,ILL08
306,115,2,4.0,2017-06-07T20:48:57.898100Z,ILL08
307,115,3,4.0,2017-06-07T20:49:10.898100Z,ILL08
308,116,0,4.0,2017-06-08T06:56:58.857900Z,ILL07
309,116,1,4.0,2017-06-08T06:57:11.857900Z,ILL07
310,117,0,4.0,2017-06-08T06:56:54.410000Z,ILL08
311,117,1,4.0,2017-06-08T06:57:07.410000Z,ILL08
312,117,2,4.0,2017-06-08T06:57:20.410000Z,ILL08
313,118,0,4.0,2017-06-08T13:46:25.545600Z,ILL07
314,118,1,4.0,2017-06-08T13:46:38.545600Z,ILL06
315,118,2,4.0,2017-06-08T13:46:51.545600Z,ILL07
316,118,3,4.0,2017-06-08T13:47:04.545600Z,ILL07
317,118,4,4.0,2017-06-08T13:47:17.545600Z,ILL07
318,118,5,4.0,2017-06-08T13:47:30.545600Z,ILL07
319,118,6,4.0,2017-06-08T13:47:43.545600Z,ILL07
320,118,7,4.0,2017-06-08T13:47:56.545600Z,ILL07
321,118,8,4.0,2017-06-08T13:48:09.545600Z,ILL06
322,118,9,4.0,2017-06-08T13:48:22.545600Z,ILL07
323,118,10,4.0,2017-06-08T13:48:35.545600Z,ILL06
324,118,11,4.0,2017-06-08T13:48:48.545600Z,ILL06
325,118,12,4.0,2017-06-08T13:49:01.545600Z,ILL08
326,118,13,4.0,2017-06-08T13:49:14.545600Z,ILL08
327,118,14,4.0,2017-06-08T13:49:27.545600Z,ILL07
328,118,15,4.0,2017-06-08T13:49:40.545600Z,ILL08
329,118,16,4.0,2017-06-08T13:49:53.545600Z,ILL08
330,118,17,4.0,2017-06-08T13:50:06.545600Z,ILL06
331,119,0,4.0,2017-06-09T18:24:15.109100Z,ILL06
332,119,1,4.0,2017-06-09T18:24:28.109100Z,ILL06
333,119,2,4.0,2017-06-09T18:24:41.109100Z,ILL06
334,120,0,4.0,2017-06-09T18:24:30.796200Z,ILL07
335,120,1,4.0,2017-06-09T18:24:43.796200Z,ILL07
336,121,0,4.0,2017-06-10T10:51:14.807500Z,ILL07
337,121,1,4.0,2017-06-10T10:51:27.807500Z,ILL07
338,121,2,4.0,2017-06-10T10:51:40.807500Z,ILL07
339,121,3,4.0,2017-06-10T10:51:53.807500Z,ILL07
340,122,0,4.0,2017-06-10T10:51:36.036200Z,ILL08
341,122,1,4.0,2017-06-10T10:51:49.036200Z,ILL08
342,122,2,4.0,2017-06-10T10:52:02.036200Z,ILL08
343,123,0,4.0,2017-06-10T11:37:08.941800Z,ILL08
344,124,0,1.0,2017-06-12T12:32:19.475800Z,ILL08
345,124,1,1.0,2017-06-12T12:32:32.475800Z,ILL06
346,124,2,1.0,2017-06-12T12:32:45.475800Z,ILL06
347,124,3,1.0,2017-06-12T12:32:58.475800Z,ILL08
348,124,4,1.0,2017-06-12T12:33:11.475800Z,ILL06
349,124,5,1.0,2017-06-12T12:33:24.475800Z,ILL06
350,125,0,3.0,2017-06-13T18:38:01.740200Z,ILL06
351,125,1,3.0,2017-06-13T18:38:14.740200Z,ILL06
352,125,2,3.0,2017-06-13T18:38:27.740200Z,ILL06
353,125,3,3.0,2017-06-13T18:38:40.740200Z,ILL06
354,126,0,1.0,2017-06-13T19:09:55.569300Z,ILL07
355,126,1,1.0,2017-06-13T19:10:08.569300Z,ILL06
356,126,2,1.0,2017-06-13T19:10:21.569300Z,ILL07
357,128,0,1.0,2017-06-13T19:13:21.930100Z,ILL07
358,129,0,1.0,2017-06-13T19:13:19.988800Z,ILL08
359,129,1,1.0,2017-06-13T19:13:32.988800Z,ILL08
360,130,0,1.0,2017-06-13T20:40:17.168400Z,ILL08
361,130,1,1.0,2017-06-13T20:40:30.168400Z,ILL08
362,131,0,1.0,2017-06-13T20:40:36.218500Z,ILL06
363,132,0,1.0,2017-06-13T22:31:05.023900Z,ILL06
364,132,1,1.0,2017-06-13T22:31:18.023900Z,ILL06
365,132,2,1.0,2017-06-13T22:31:31.023900Z,ILL07
366,132,3,1.0,2017-06-13T22:31:44.023900Z,ILL08
367,132,4,1.0,2017-06-13T22:31:57.023900Z,ILL08
368,132,5,1.0,2017-06-13T22:32:10.023900Z,ILL08
369,132,6,1.0,2017-06-13T22:32:23.023900Z,ILL08
370,132,7,1.0,2017-06-13T22:32:36.023900Z,ILL08
371,132,8,1.0,2017-06-13T22:32:49.023900Z,ILL07
372,132,9,1.0,2017-06-13T22:33:02.023900Z,ILL08
373,132,10,1.0,2017-06-13T22:33:15.023900Z,ILL08
374,132,11,1.0,2017-06-13T22:33:28.023900Z,ILL07
375,132,12,1.0,2017-06-13T22:33:41.023900Z,ILL07
376,133,0,4.0,2017-06-14T06:16:21.704600Z,ILL06
377,133,1,4.0,2017-06-14T06:16:34.704600Z,ILL06
378,134,0,4.0,2017-06-14T06:16:17.801600Z,ILL07
379,134,1,4.0,2017-06-14T06:16:30.801600Z,ILL07
380,135,0,4.0,2017-06-14T06:16:27.649300Z,ILL08
381,135,1,4.0,2017-06-14T06:16:40.649300Z,ILL08
382,136,0,4.0,2017-06-14T13:09:26.364900Z,ILL07
383,136,1,4.0,2017-06-14T13:09:39.364900Z,ILL07
384,136,2,4.0,2017-06-14T13:09:52.364900Z,ILL07
385,137,0,4.0,2017-06-14T13:09:12.364900Z,ILL06
386,137,1,4.0,2017-06-14T13:09:25.364900Z,ILL06
387,137,2,4.0,2017-06-14T13:09:38.364900Z,ILL06
388,138,0,4.0,2017-06-14T13:09:16.852600Z,ILL08
389,138,1,4.0,2017-06-14T13:09:29.852600Z,ILL08
390,138,2,4.0,2017-06-14T13:09:42.852600Z,ILL08
391,139,0,4.0,2017-06-14T13:10:44.246700Z,ILL06
392,139,1,4.0,2017-06-14T13:10:57.246700Z,ILL06
393,139,2,4.0,2017-06-14T13:11:10.246700Z,ILL06
394,140,0,4.0,2017-06-14T13:10:32.722300Z,ILL07
395,140,1,4.0,2017-06-14T13:10:45.722300Z,ILL07
396,140,2,4.0,2017-06-14T13:10:58.722300Z,ILL07
397,140,3,4.0,2017-06-14T13:11:11.722300Z,ILL07
398,141,0,4.0,2017-06-14T13:10:54.972200Z,ILL08
399,141,1,4.0,2017-06-14T13:11:07.972200Z,ILL08
400,142,0,4.0,2017-06-14T13:14:30.776900Z,ILL06
401,143,0,4.0,2017-06-14T13:14:10.252500Z,ILL07
402,143,1,4.0,2017-06-14T13:14:23.252500Z,ILL07
403,143,2,4.0,2017-06-14T13:14:36.252500Z,ILL07
404,144,0,4.0,2017-06-14T13:14:18.502400Z,ILL08
405,144,1,4.0,2017-06-14T13:14:31.502400Z,ILL08
406,145,0,4.0,2017-06-14T13:20:27.598400Z,ILL06
407,145,1,4.0,2017-06-14T13:20:40.598400Z,ILL06
408,145,2,4.0,2017-06-14T13:20:53.598400Z,ILL06
409,146,0,4.0,2017-06-14T13:20:09.241600Z,ILL07
410,146,1,4.0,2017-06-14T13:20:22.241600Z,ILL07
411,146,2,4.0,2017-06-14T13:20:35.241600Z,ILL07
412,146,3,4.0,2017-06-14T13:20:48.241600Z,ILL07
413,146,4,4.0,2017-06-14T13:21:01.241600Z,ILL07
414,147,0,4.0,2017-06-14T13:20:33.192900Z,ILL08
415,147,1,4.0,2017-06-14T13:20:46.192900Z,ILL08
416,148,0,4.0,2017-06-14T13:23:16.662300Z,ILL06
417,148,1,4.0,2017-06-14T13:23:29.662300Z,ILL06
418,148,2,4.0,2017-06-14T13:23:42.662300Z,ILL06
419,149,0,4.0,2017-06-14T13:23:38.667900Z,ILL07
420,150,0,4.0,2017-06-14T13:23:22.359200Z,ILL08
421,150,1,4.0,2017-06-14T13:23:35.359200Z,ILL08
422,150,2,4.0,2017-06-14T13:23:48.359200Z,ILL08
423,151,0,4.0,2017-06-14T20:44:44.983500Z,ILL06
424,151,1,4.0,2017-06-14T20:44:57.983500Z,ILL06
425,151,2,4.0,2017-06-14T20:45:10.983500Z,ILL06
426,154,0,1.0,2017-06-14T22:11:49.370900Z,ILL06
427,154,1,1.0,2017-06-14T22:12:02.370900Z,ILL06
428,155,0,3.0,2017-06-15T01:43:43.581000Z,ILL07
429,156,0,3.0,2017-06-15T02:49:16.643800Z,ILL08
430,156,1,3.0,2017-06-15T02:49:29.643800Z,ILL08
431,156,2,3.0,2017-06-15T02:49:42.643800Z,ILL08
432,156,3,3.0,2017-06-15T02:49:55.643800Z,ILL08
433,156,4,3.0,2017-06-15T02:50:08.643800Z,ILL08
434,157,0,3.0,2017-06-15T02:49:22.643800Z,ILL07
435,157,1,3.0,2017-06-15T02:49:35.643800Z,ILL07
436,157,2,3.0,2017-06-15T02:49:48.643800Z,ILL07
437,157,3,3.0,2017-06-15T02:50:01.643800Z,ILL07
438,158,0,3.0,2017-06-15T02:49:38.091200Z,ILL06
439,158,1,3.0,2017-06-15T02:49:51.091200Z,ILL06
440,158,2,3.0,2017-06-15T02:50:04.091200Z,ILL06
441,159,0,1.0,2017-06-16T23:45:55.342400Z,ILL07
442,159,1,1.0,2017-06-16T23:46:08.342400Z,ILL06
443,159,2,1.0,2017-06-16T23:46:21.342400Z,ILL06
444,159,3,1.0,2017-06-16T23:46:34.342400Z,ILL08
445,159,4,1.0,2017-06-16T23:46:47.342400Z,ILL07
446,159,5,1.0,2017-06-16T23:47:00.342400Z,ILL06
447,159,6,1.0,2017-06-16T23:47:13.342400Z,ILL06
448,159,7,1.0,2017-06-16T23:47:26.342400Z,ILL07
449,159,8,1.0,2017-06-16T23:47:39.342400Z,ILL07
450,159,9,1.0,2017-06-16T23:47:52.342400Z,ILL08
451,159,10,1.0,2017-06-16T23:48:05.342400Z,ILL08
452,159,11,1.0,2017-06-16T23:48:18.342400Z,ILL07
453,159,12,1.0,2017-06-16T23:48:31.342400Z,ILL07
454,159,13,1.0,2017-06-16T23:48:44.342400Z,ILL07
455,159,14,1.0,2017-06-16T23:48:57.342400Z,ILL07
456,159,15,1.0,2017-06-16T23:49:10.342400Z,ILL08
457,159,16,1.0,2017-06-16T23:49:23.342400Z,ILL08
458,159,17,1.0,2017-06-16T23:49:36.342400Z,ILL06
459,159,18,1.0,2017-06-16T23:49:49.342400Z,ILL06
460,159,19,1.0,2017-06-16T23:50:02.342400Z,ILL06
461,159,20,1.0,2017-06-16T23:50:15.342400Z,ILL07
462,160,0,1.0,2017-06-17T19:53:28.968700Z,ILL06
463,160,1,1.0,2017-06-17T19:53:41.968700Z,ILL07
464,160,2,1.0,2017-06-17T19:53:54.968700Z,ILL07
465,160,3,1.0,2017-06-17T19:54:07.968700Z,ILL07
466,160,4,1.0,2017-06-17T19:54:20.968700Z,ILL07
467,160,5,1.0,2017-06-17T19:54:33.968700Z,ILL08
468,160,6,1.0,2017-06-17T19:54:46.968700Z,ILL08
469,160,7,1.0,2017-06-17T19:54:59.968700Z,ILL07
470,160,8,1.0,2017-06-17T19:55:12.968700Z,ILL06
471,160,9,1.0,2017-06-17T19:55:25.968700Z,ILL06
472,160,10,1.0,2017-06-17T19:55:38.968700Z,ILL06
473,160,11,1.0,2017-06-17T19:55:51.968700Z,ILL08
474,161,0,1.0,2017-06-18T07:11:22.394700Z,ILL08
475,162,0,1.0,2017-06-18T13:12:02.234600Z,ILL07
476,162,1,1.0,2017-06-18T13:12:15.234600Z,ILL08
477,163,0,1.0,2017-06-20T01:37:50.336600Z,ILL07
478,163,1,1.0,2017-06-20T01:38:03.336600Z,ILL08
479,163,2,1.0,2017-06-20T01:38:16.336600Z,ILL06
480,163,3,1.0,2017-06-20T01:38:29.336600Z,ILL06
481,163,4,1.0,2017-06-20T01:38:42.336600Z,ILL06
482,163,5,1.0,2017-06-20T01:38:55.336600Z,ILL07
483,163,6,1.0,2017-06-20T01:39:08.336600Z,ILL06
484,163,7,1.0,2017-06-20T01:39:21.336600Z,ILL06
485,163,8,1.0,2017-06-20T01:39:34.336600Z,ILL08
486,163,9,1.0,2017-06-20T01:39:47.336600Z,ILL08
487,163,10,1.0,2017-06-20T01:40:00.336600Z,ILL07
488,164,0,1.0,2017-07-01T08:10:21.807000Z,ILL08
489,164,1,1.0,2017-07-01T08:10:34.807000Z,ILL07
490,164,2,1.0,2017-07-01T08:10:47.807000Z,ILL06
491,164,3,1.0,2017-07-01T08:11:00.807000Z,ILL06
492,164,4,1.0,2017-07-01T08:11:13.807000Z,ILL06
493,164,5,1.0,2017-07-01T08:11:26.807000Z,ILL06
494,164,6,1.0,2017-07-01T08:11:39.807000Z,ILL08
495,164,7,1.0,2017-07-01T08:11:52.807000Z,ILL06
496,164,8,1.0,2017-07-01T08:12:05.807000Z,ILL07
497,165,0,1.0,2017-07-01T09:29:47.737200Z,ILL07
498,165,1,1.0,2017-07-01T09:30:00.737200Z,ILL07
499,165,2,1.0,2017-07-01T09:30:13.737200Z,ILL07
500,165,3,1.0,2017-07-01T09:30:26.737200Z,ILL08
501,165,4,1.0,2017-07-01T09:30:39.737200Z,ILL06
502,166,0,1.0,2017-07-03T11:20:46.266800Z,ILL07
503,166,1,1.0,2017-07-03T11:20:59.266800Z,ILL08
504,166,2,1.0,2017-07-03T11:21:12.266800Z,ILL08
505,166,3,1.0,2017-07-03T11:21:25.266800Z,ILL06
506,166,4,1.0,2017-07-03T11:21:38.266800Z,ILL08
507,166,5,1.0,2017-07-03T11:21:51.266800Z,ILL08
508,166,6,1.0,2017-07-03T11:22:04.266800Z,ILL08
509,166,7,1.0,2017-07-03T11:22:17.266800Z,ILL07
510,166,8,1.0,2017-07-03T11:22:30.266800Z,ILL06
511,166,9,1.0,2017-07-03T11:22:43.266800Z,ILL07
512,166,10,1.0,2017-07-03T11:22:56.266800Z,ILL07
513,166,11,1.0,2017-07-03T11:23:09.266800Z,ILL06
514,166,12,1.0,2017-07-03T11:23:22.266800Z,ILL06
515,166,13,1.0,2017-07-03T11:23:35.266800Z,ILL06
516,166,14,1.0,2017-07-03T11:23:48.266800Z,ILL07
517,166,15,1.0,2017-07-03T11:24:01.266800Z,ILL06
518,166,16,1.0,2017-07-03T11:24:14.266800Z,ILL06
519,166,17,1.0,2017-07-03T11:24:27.266800Z,ILL08
520,166,18,1.0,2017-07-03T11:24:40.266800Z,ILL06
521,166,19,1.0,2017-07-03T11:24:53.266800Z,ILL06
522,166,20,1.0,2017-07-03T11:25:06.266800Z,ILL08
523,167,0,1.0,2017-07-03T18:15:40.490100Z,ILL06
524,167,1,1.0,2017-07-03T18:15:53.490100Z,ILL06
525,167,2,1.0,2017-07-03T18:16:06.490100Z,ILL06
526,167,3,1.0,2017-07-03T18:16:19.490100Z,ILL07
527,168,0,1.0,2017-07-08T00:18:09.942300Z,ILL08
528,168,1,1.0,2017-07-08T00:18:22.942300Z,ILL08
529,168,2,1.0,2017-07-08T00:18:35.942300Z,ILL06
530,168,3,1.0,2017-07-08T00:18:48.942300Z,ILL06
531,168,4,1.0,2017-07-08T00:19:01.942300Z,ILL06
532,168,5,1.0,2017-07-08T00:19:14.942300Z,ILL08
533,168,6,1.0,2017-07-08T00:19:27.942300Z,ILL06
534,169,0,1.0,2017-07-10T02:20:02.075600Z,ILL06
535,169,1,1.0,2017-07-10T02:20:15.075600Z,ILL07
536,170,0,1.0,2017-07-20T22:35:00.350700Z,ILL07
537,170,1,1.0,2017-07-20T22:35:13.350700Z,ILL06
538,170,2,1.0,2017-07-20T22:35:26.350700Z,ILL07
539,170,3,1.0,2017-07-20T22:35:39.350700Z,ILL06
540,170,4,1.0,2017-07-20T22:35:52.350700Z,ILL07
541,170,5,1.0,2017-07-20T22:36:05.350700Z,ILL06
542,170,6,1.0,2017-07-20T22:36:18.350700Z,ILL07
543,170,7,1.0,2017-07-20T22:36:31.350700Z,ILL06
544,170,8,1.0,2017-07-20T22:36:44.350700Z,ILL06
545,170,9,1.0,2017-07-20T22:36:57.350700Z,ILL06
546,170,10,1.0,2017-07-20T22:37:10.350700Z,ILL08
547,170,11,1.0,2017-07-20T22:37:23.350700Z,ILL08
548,170,12,1.0,2017-07-20T22:37:36.350700Z,ILL08
549,170,13,1.0,2017-07-20T22:37:49.350700Z,ILL08
550,170,14,1.0,2017-07-20T22:38:02.350700Z,ILL07
551,170,15,1.0,2017-07-20T22:38:15.350700Z,ILL06
552,170,16,1.0,2017-07-20T22:38:28.350700Z,ILL07
553,170,17,1.0,2017-07-20T22:38:41.350700Z,ILL08
554,170,18,1.0,2017-07-20T22:38:54.350700Z,ILL07
555,170,19,1.0,2017-07-20T22:39:07.350700Z,ILL07
556,170,20,1.0,2017-07-20T22:39:20.350700Z,ILL07
557,170,21,1.0,2017-07-20T22:39:33.350700Z,ILL07
558,170,22,1.0,2017-07-20T22:39:46.350700Z,ILL08
559,170,23,1.0,2017-07-20T22:39:59.350700Z,ILL08
560,170,24,1.0,2017-07-20T22:40:12.350700Z,ILL07
561,170,25,1.0,2017-07-20T22:40:25.350700Z,ILL06
562,170,26,1.0,2017-07-20T22:40:38.350700Z,ILL08
563,171,0,1.0,2017-07-21T17:04:28.594000Z,ILL06
564,171,1,1.0,2017-07-21T17:04:41.594000Z,ILL06
565,171,2,1.0,2017-07-21T17:04:54.594000Z,ILL07
566,171,3,1.0,2017-07-21T17:05:07.594000Z,ILL06
567,171,4,1.0,2017-07-21T17:05:20.594000Z,ILL06
568,171,5,1.0,2017-07-21T17:05:33.594000Z,ILL07
569,171,6,1.0,2017-07-21T17:05:46.594000Z,ILL06
570,171,7,1.0,2017-07-21T17:05:59.594000Z,ILL08
571,171,8,1.0,2017-07-21T17:06:12.594000Z,ILL07
572,172,0,1.0,2017-07-31T19:30:31.999200Z,ILL08
573,172,1,1.0,2017-07-31T19:30:44.999200Z,ILL08
574,172,2,1.0,2017-07-31T19:30:57.999200Z,ILL08
575,172,3,1.0,2017-07-31T19:31:10.999200Z,ILL08
576,172,4,1.0,2017-07-31T19:31:23.999200Z,ILL07
577,172,5,1.0,2017-07-31T19:31:36.999200Z,ILL06
578,173,0,1.0,2017-07-31T19:44:34.727700Z,ILL08
579,173,1,1.0,2017-07-31T19:44:47.727700Z,ILL07
580,173,2,1.0,2017-07-31T19:45:00.727700Z,ILL06
581,174,0,1.0,2017-08-01T00:26:30.400700Z,ILL08
582,174,1,1.0,2017-08-01T00:26:43.400700Z,ILL08
583,174,2,1.0,2017-08-01T00:26:56.400700Z,ILL08
584,174,3,1.0,2017-08-01T00:27:09.400700Z,ILL07
585,174,4,1.0,2017-08-01T00:27:22.400700Z,ILL08
586,175,0,0.0,2017-06-02T10:03:17.825700Z,ILL06
587,176,0,0.0,2017-06-02T10:08:59.065300Z,ILL08
588,177,0,0.0,2017-06-02T10:13:34.053700Z,ILL06
589,178,0,0.0,2017-06-02T10:22:31.115200Z,ILL08
590,179,0,0.0,2017-06-02T10:32:35.056300Z,ILL08
591,180,0,0.0,2017-06-02T10:48:11.370900Z,ILL08
592,181,0,0.0,2017-06-02T11:18:20.122600Z,ILL06
593,182,0,0.0,2017-06-02T11:40:38.831900Z,ILL07
594,183,0,0.0,2017-06-02T12:25:45.430900Z,ILL08
595,184,0,0.0,2017-06-02T12:35:15.165300Z,ILL08
596,185,0,0.0,2017-06-02T13:27:30.130000Z,ILL08
597,186,0,0.0,2017-06-02T14:14:22.704200Z,ILL08
598,187,0,0.0,2017-06-02T15:04:05.161200Z,ILL08
599,188,0,0.0,2017-06-02T16:31:10.174800Z,ILL06
600,189,0,0.0,2017-06-02T16:59:45.936200Z,ILL08
601,190,0,0.0,2017-06-02T18:07:45.672300Z,ILL07
602,191,0,0.0,2017-06-02T18:18:45.674500Z,ILL06
603,192,0,0.0,2017-06-02T19:51:57.398000Z,ILL07
604,193,0,0.0,2017-06-03T02:34:58.529600Z,ILL07
605,194,0,0.0,2017-06-03T05:00:34.953700Z,ILL08
606,195,0,0.0,2017-06-03T05:15:11.313200Z,ILL08
607,196,0,0.0,2017-06-03T05:26:13.182400Z,ILL07
608,197,0,0.0,2017-06-03T05:33:19.877800Z,ILL08
609,198,0,0.0,2017-06-03T05:42:05.483600Z,ILL07
610,199,0,0.0,2017-06-03T06:20:46.646500Z,ILL06
611,200,0,0.0,2017-06-03T08:12:14.849400Z,ILL06
612,201,0,0.0,2017-06-03T08:15:30.857200Z,ILL08
613,202,0,0.0,2017-06-03T08:56:41.504300Z,ILL08
614,203,0,0.0,2017-06-03T09:13:28.528400Z,ILL06
615,204,0,0.0,2017-06-03T09:32:23.273100Z,ILL07
616,205,0,0.0,2017-06-03T18:10:33.299400Z,ILL06
617,206,0,0.0,2017-06-03T18:24:56.911200Z,ILL07
618,207,0,0.0,2017-06-03T18:24:56.911200Z,ILL08
619,208,0,0.0,2017-06-03T18:39:20.523100Z,ILL07
620,209,0,0.0,2017-06-04T01:09:37.927800Z,ILL06
621,210,0,0.0,2017-06-04T01:11:34.627200Z,ILL07
622,211,0,0.0,2017-06-04T01:13:26.795800Z,ILL07
623,212,0,0.0,2017-06-04T01:17:00.519800Z,ILL07
624,213,0,0.0,2017-06-04T01:24:05.315200Z,ILL08
625,214,0,0.0,2017-06-04T01:25:35.687700Z,ILL08
626,215,0,0.0,2017-06-04T01:27:10.310400Z,ILL08
627,216,0,0.0,2017-06-04T02:34:19.713900Z,ILL08
628,217,0,0.0,2017-06-04T05:43:35.917800Z,ILL07
629,218,0,0.0,2017-06-04T07:10:06.497600Z,ILL08
630,219,0,0.0,2017-06-04T12:10:04.187600Z,ILL08
631,220,0,0.0,2017-06-04T16:43:32.812600Z,ILL06
632,221,0,0.0,2017-06-05T03:31:15.345500Z,ILL08
633,222,0,0.0,2017-06-05T10:57:27.312600Z,ILL08
634,223,0,0.0,2017-06-05T13:50:10.654700Z,ILL07
635,224,0,0.0,2017-06-05T13:50:10.654700Z,ILL07
636,225,0,0.0,2017-06-05T15:42:11.583000Z,ILL08
637,226,0,0.0,2017-06-05T16:42:53.996900Z,ILL06
638,227,0,0.0,2017-06-05T18:55:28.503600Z,ILL08
639,228,0,0.0,2017-06-05T19:24:39.162800Z,ILL08
640,229,0,0.0,2017-06-05T19:36:25.396600Z,ILL07
641,230,0,0.0,2017-06-06T02:37:44.032100Z,ILL07
642,231,0,0.0,2017-06-06T03:45:49.594600Z,ILL06
643,232,0,0.0,2017-06-06T10:23:53.773600Z,ILL08
644,233,0,0.0,2017-06-06T10:37:36.306100Z,ILL07
645,234,0,0.0,2017-06-06T13:18:42.426700Z,ILL06
646,235,0,0.0,2017-06-06T16:28:05.134200Z,ILL07
647,236,0,0.0,2017-06-06T21:34:00.277000Z,ILL08
648,237,0,0.0,2017-06-06T23:59:40.821300Z,ILL06
649,238,0,0.0,2017-06-07T01:41:39.202200Z,ILL08
650,239,0,0.0,2017-06-07T09:42:14.814300Z,ILL07
651,240,0,0.0,2017-06-07T13:11:05.119000Z,ILL08
652,241,0,0.0,2017-06-07T19:45:21.269300Z,ILL06
653,242,0,0.0,2017-06-08T11:44:17.252200Z,ILL07
654,243,0,0.0,2017-06-08T18:53:48.470300Z,ILL06
655,244,0,0.0,2017-06-09T02:08:45.906400Z,ILL06
656,245,0,0.0,2017-06-09T05:13:37.316700Z,ILL06
657,246,0,0.0,2017-06-09T09:50:54.432200Z,ILL06
658,247,0,0.0,2017-06-09T15:00:48.855400Z,ILL07
659,248,0,0.0,2017-06-09T18:54:36.227300Z,ILL07
660,249,0,0.0,2017-06-09T23:42:45.778700Z,ILL07
661,250,0,0.0,2017-06-10T00:53:26.612100Z,ILL06
662,251,0,0.0,2017-06-10T02:20:26.099300Z,ILL07
663,252,0,0.0,2017-06-10T03:41:59.368500Z,ILL08
664,253,0,0.0,2017-06-10T05:25:17.509600Z,ILL08
665,254,0,0.0,2017-06-10T06:46:50.778900Z,ILL07
666,255,0,0.0,2017-06-10T08:13:50.266100Z,ILL07
667,256,0,0.0,2017-06-10T09:18:10.191100Z,ILL08
668,257,0,0.0,2017-06-10T09:58:25.711500Z,ILL07
669,258,0,0.0,2017-06-10T10:46:44.336000Z,ILL07
670,259,0,0.0,2017-06-10T12:15:18.481000Z,ILL08
671,260,0,0.0,2017-06-10T15:16:28.322900Z,ILL07
672,261,0,0.0,2017-06-10T16:20:53.155600Z,ILL06
673,262,0,0.0,2017-06-10T17:05:10.228100Z,ILL07
674,263,0,0.0,2017-06-10T17:45:25.748500Z,ILL06
675,264,0,0.0,2017-06-10T18:41:47.477100Z,ILL06
676,265,0,0.0,2017-06-10T20:22:26.278200Z,ILL06
677,266,0,0.0,2017-06-10T22:35:17.495600Z,ILL07
678,267,0,0.0,2017-06-11T00:19:57.848800Z,ILL06
679,268,0,0.0,2017-06-11T01:24:22.681500Z,ILL08
680,269,0,0.0,2017-06-11T02:16:42.858000Z,ILL07
681,270,0,0.0,2017-06-11T03:29:10.794800Z,ILL06
682,271,0,0.0,2017-06-11T04:37:37.179500Z,ILL08
683,272,0,0.0,2017-06-11T05:38:00.460200Z,ILL07
684,273,0,0.0,2017-06-11T06:46:26.844900Z,ILL08
685,274,0,0.0,2017-06-11T07:50:51.677600Z,ILL07
686,275,0,0.0,2017-06-11T08:51:14.958300Z,ILL08
687,276,0,0.0,2017-06-11T10:52:01.519600Z,ILL08
688,277,0,0.0,2017-06-11T12:32:40.320700Z,ILL07
689,278,0,0.0,2017-06-11T14:33:26.881900Z,ILL06
690,279,0,0.0,2017-06-11T17:06:25.859600Z,ILL08
691,280,0,0.0,2017-06-11T18:22:55.348400Z,ILL06
692,281,0,0.0,2017-06-11T19:23:18.629100Z,ILL07
693,282,0,0.0,2017-06-11T20:19:40.357700Z,ILL08
694,283,0,0.0,2017-06-11T21:24:05.190400Z,ILL06
695,284,0,0.0,2017-06-11T22:56:40.887400Z,ILL06
696,285,0,0.0,2017-06-11T23:36:56.407800Z,ILL07
697,286,0,0.0,2017-06-12T00:57:27.448700Z,ILL06
698,287,0,0.0,2017-06-12T02:01:52.281400Z,ILL06
699,288,0,0.0,2017-06-12T03:02:15.562000Z,ILL07
700,289,0,0.0,2017-06-12T05:47:19.195800Z,ILL06
701,290,0,0.0,2017-06-12T07:56:08.861200Z,ILL07
702,291,0,0.0,2017-06-12T09:16:39.902000Z,ILL07
703,292,0,0.0,2017-06-12T10:04:58.526500Z,ILL06
704,293,0,0.0,2017-06-12T10:57:18.703100Z,ILL06
705,294,0,0.0,2017-06-12T13:42:22.336900Z,ILL07
706,295,0,0.0,2017-06-12T14:42:45.617500Z,ILL08
707,296,0,0.0,2017-06-12T15:55:13.554300Z,ILL08
708,297,0,0.0,2017-06-12T17:19:46.147200Z,ILL08
709,298,0,0.0,2017-06-12T18:28:12.532000Z,ILL06
710,299,0,0.0,2017-06-12T19:24:34.260600Z,ILL07
711,300,0,0.0,2017-06-12T20:20:55.989200Z,ILL07
712,301,0,0.0,2017-06-12T21:29:22.373900Z,ILL08
713,302,0,0.0,2017-06-12T22:49:53.414800Z,ILL08
714,303,0,0.0,2017-06-13T00:06:22.903600Z,ILL08
715,304,0,0.0,2017-06-13T01:06:46.184200Z,ILL07
716,305,0,0.0,2017-06-13T02:03:07.912800Z,ILL08
717,306,0,0.0,2017-06-13T06:52:59.660000Z,ILL07
718,307,0,0.0,2017-06-13T07:49:21.388600Z,ILL06
719,308,0,0.0,2017-06-13T12:15:03.823400Z,ILL08
720,309,0,0.0,2017-06-13T13:15:27.104100Z,ILL07
721,310,0,0.0,2017-06-13T14:31:56.592900Z,ILL06
722,311,0,0.0,2017-06-13T15:56:29.185800Z,ILL07
723,312,0,0.0,2017-06-13T16:48:49.362400Z,ILL06
724,313,0,0.0,2017-06-13T17:53:14.195100Z,ILL07
725,314,0,0.0,2017-06-13T21:22:34.901300Z,ILL07
726,315,0,0.0,2017-06-13T22:10:53.525800Z,ILL07
727,316,0,0.0,2017-06-13T23:11:16.806500Z,ILL08
728,317,0,0.0,2017-06-14T00:23:44.743300Z,ILL07
729,318,0,0.0,2017-06-14T01:52:18.888200Z,ILL07
730,319,0,0.0,2017-06-14T03:00:45.273000Z,ILL08
731,320,0,0.0,2017-06-14T06:22:02.875100Z,ILL06
732,321,0,0.0,2017-06-14T07:26:27.707800Z,ILL06
733,322,0,0.0,2017-06-14T12:24:22.559000Z,ILL06
734,323,0,0.0,2017-06-14T15:09:26.192800Z,ILL06
735,324,0,0.0,2017-06-14T16:33:58.785700Z,ILL08
736,325,0,0.0,2017-06-14T19:06:57.763300Z,ILL08
737,326,0,0.0,2017-06-14T20:39:33.460300Z,ILL08
738,327,0,0.0,2017-06-14T21:52:01.397100Z,ILL08
739,328,0,0.0,2017-06-14T23:12:32.438000Z,ILL08
740,329,0,0.0,2017-06-14T23:56:49.510500Z,ILL08
741,330,0,0.0,2017-06-15T01:25:23.655400Z,ILL06
742,331,0,0.0,2017-06-15T02:33:50.040100Z,ILL07
743,332,0,0.0,2017-06-15T03:54:21.081000Z,ILL07
744,333,0,0.0,2017-06-15T05:18:53.673900Z,ILL06
745,334,0,0.0,2017-06-15T06:11:13.850500Z,ILL08
746,335,0,0.0,2017-06-15T06:51:29.370900Z,ILL07
747,336,0,0.0,2017-06-15T07:43:49.547500Z,ILL08
748,337,0,0.0,2017-06-15T08:32:08.172000Z,ILL07
749,338,0,0.0,2017-06-15T09:44:36.108800Z,ILL07
750,339,0,0.0,2017-06-15T10:57:04.045600Z,ILL08
751,340,0,0.0,2017-06-15T12:13:33.534400Z,ILL07
752,341,0,0.0,2017-06-15T13:26:01.471200Z,ILL07
753,342,0,0.0,2017-06-15T13:26:01.471200Z,ILL06
754,343,0,0.0,2017-06-15T14:26:24.751800Z,ILL08
755,344,0,0.0,2017-06-15T15:22:46.480400Z,ILL07
756,345,0,0.0,2017-06-15T18:11:51.666200Z,ILL06
757,346,0,0.0,2017-06-15T19:16:16.498900Z,ILL07
758,347,0,0.0,2017-06-15T21:08:59.956100Z,ILL06
759,348,0,0.0,2017-06-15T22:41:35.653100Z,ILL07
760,349,0,0.0,2017-06-16T00:14:11.350100Z,ILL06
761,350,0,0.0,2017-06-16T01:30:40.838900Z,ILL06
762,351,0,0.0,2017-06-16T03:59:38.264600Z,ILL07
763,352,0,0.0,2017-06-16T04:47:56.889100Z,ILL07
764,353,0,0.0,2017-06-16T05:48:20.169700Z,ILL06
765,354,0,0.0,2017-06-16T06:32:37.242200Z,ILL07
766,355,0,0.0,2017-06-16T08:17:17.595300Z,ILL08
767,356,0,0.0,2017-06-16T09:53:54.844400Z,ILL06
768,357,0,0.0,2017-06-16T12:22:52.270000Z,ILL08
769,358,0,0.0,2017-06-16T13:19:13.998600Z,ILL08
770,359,0,0.0,2017-06-16T14:43:46.591500Z,ILL08
771,360,0,0.0,2017-06-16T16:24:25.392600Z,ILL07
772,361,0,0.0,2017-06-16T18:17:08.849800Z,ILL08
773,362,0,0.0,2017-06-16T19:21:33.682500Z,ILL08
774,363,0,0.0,2017-06-16T20:34:01.619200Z,ILL08
775,364,0,0.0,2017-06-16T22:06:37.316200Z,ILL08
776,365,0,0.0,2017-06-16T23:02:59.044800Z,ILL06
777,366,0,0.0,2017-06-17T00:19:28.533700Z,ILL06
778,367,0,0.0,2017-06-17T02:20:15.095000Z,ILL07
779,368,0,0.0,2017-06-17T02:20:15.095000Z,ILL07
780,369,0,0.0,2017-06-17T03:40:46.135800Z,ILL06
781,370,0,0.0,2017-06-17T05:29:28.041000Z,ILL06
782,371,0,0.0,2017-06-17T06:58:02.186000Z,ILL08
783,372,0,0.0,2017-06-17T08:46:44.091100Z,ILL08
784,373,0,0.0,2017-06-17T10:27:22.892200Z,ILL07
785,374,0,0.0,2017-06-17T11:43:52.381000Z,ILL07
786,375,0,0.0,2017-06-17T12:44:15.661700Z,ILL07
787,376,0,0.0,2017-06-17T13:40:37.390300Z,ILL07
788,377,0,0.0,2017-06-17T14:57:06.879100Z,ILL07
789,378,0,0.0,2017-06-17T16:01:31.711800Z,ILL07
790,379,0,0.0,2017-06-17T17:05:56.544500Z,ILL07
791,380,0,0.0,2017-06-17T18:14:22.929200Z,ILL08
792,381,0,0.0,2017-06-17T19:38:55.522100Z,ILL07
793,382,0,0.0,2017-06-17T19:47:36.627800Z,ILL06
794,383,0,0.0,2017-06-17T21:15:32.771200Z,ILL08
795,384,0,0.0,2017-06-17T22:40:05.364100Z,ILL07
796,385,0,0.0,2017-06-17T22:40:05.364100Z,ILL07
797,386,0,0.0,2017-06-18T00:48:55.029500Z,ILL08
798,387,0,0.0,2017-06-18T01:41:15.206000Z,ILL08
799,388,0,0.0,2017-06-18T03:29:57.111200Z,ILL07
800,389,0,0.0,2017-06-18T04:43:17.622100Z,ILL07
801,390,0,0.0,2017-06-18T06:04:47.078800Z,ILL06
802,391,0,0.0,2017-06-18T09:08:08.356100Z,ILL08
803,392,0,0.0,2017-06-18T10:37:46.758400Z,ILL07
804,393,0,0.0,2017-06-18T10:37:46.758400Z,ILL06
805,394,0,0.0,2017-06-18T12:11:29.633500Z,ILL07
806,395,0,0.0,2017-06-18T13:37:03.563000Z,ILL08
807,396,0,0.0,2017-06-18T15:14:50.910900Z,ILL08
808,397,0,0.0,2017-06-18T16:24:06.949000Z,ILL07
809,398,0,0.0,2017-06-18T17:37:27.460000Z,ILL06
810,399,0,0.0,2017-06-18T18:54:52.443800Z,ILL08
811,400,0,0.0,2017-06-18T20:16:21.900400Z,ILL06
812,401,0,0.0,2017-06-18T21:25:37.938500Z,ILL07
813,402,0,0.0,2017-06-18T22:43:59.088300Z,ILL07
