event_idx,slice_idx,class,mean_time,station
0,0,3.0,2017-06-01T04:07:04.321900Z,ILL08
0,1,3.0,2017-06-01T04:07:17.321900Z,ILL08
1,0,4.0,2017-06-02T05:43:14.015700Z,ILL08
1,1,4.0,2017-06-02T05:43:27.015700Z,ILL08
2,0,4.0,2017-06-02T07:00:21.196500Z,ILL08
2,1,4.0,2017-06-02T07:00:34.196500Z,ILL08
2,2,4.0,2017-06-02T07:00:47.196500Z,ILL08
3,0,1.0,2017-06-02T10:05:29.426100Z,ILL08
3,1,1.0,2017-06-02T10:05:42.426100Z,ILL08
3,2,1.0,2017-06-02T10:05:55.426100Z,ILL08
3,3,1.0,2017-06-02T10:06:08.426100Z,ILL08
3,4,1.0,2017-06-02T10:06:21.426100Z,ILL08
3,5,1.0,2017-06-02T10:06:34.426100Z,ILL08
3,6,1.0,2017-06-02T10:06:47.426100Z,ILL08
4,0,4.0,2017-06-02T12:58:14.546100Z,ILL08
4,1,4.0,2017-06-02T12:58:27.546100Z,ILL08
5,0,1.0,2017-06-02T19:04:56.736900Z,ILL08
5,1,1.0,2017-06-02T19:05:09.736900Z,ILL08
6,0,1.0,2017-06-02T21:03:22.534100Z,ILL08
7,0,1.0,2017-06-02T22:36:40.622100Z,ILL08
7,1,1.0,2017-06-02T22:36:53.622100Z,ILL08
7,2,1.0,2017-06-02T22:37:06.622100Z,ILL08
7,3,1.0,2017-06-02T22:37:19.622100Z,ILL08
7,4,1.0,2017-06-02T22:37:32.622100Z,ILL08
7,5,1.0,2017-06-02T22:37:45.622100Z,ILL08
7,6,1.0,2017-06-02T22:37:58.622100Z,ILL08
7,7,1.0,2017-06-02T22:38:11.622100Z,ILL08
8,0,3.0,2017-06-03T00:02:01.328600Z,ILL08
9,0,3.0,2017-06-03T08:09:25.651500Z,ILL08
9,1,3.0,2017-06-03T08:09:38.651500Z,ILL08
9,2,3.0,2017-06-03T08:09:51.651500Z,ILL08
10,0,1.0,2017-06-03T13:25:39.867300Z,ILL08
10,1,1.0,2017-06-03T13:25:52.867300Z,ILL08
10,2,1.0,2017-06-03T13:26:05.867300Z,ILL08
10,3,1.0,2017-06-03T13:26:18.867300Z,ILL08
10,4,1.0,2017-06-03T13:26:31.867300Z,ILL08
10,5,1.0,2017-06-03T13:26:44.867300Z,ILL08
12,0,3.0,2017-06-04T03:02:03.607200Z,ILL08
13,0,4.0,2017-06-04T13:44:19.775100Z,ILL08
13,1,4.0,2017-06-04T13:44:32.775100Z,ILL08
14,0,1.0,2017-06-04T18:01:30.488000Z,ILL08
14,1,1.0,2017-06-04T18:01:43.488000Z,ILL08
14,2,1.0,2017-06-04T18:01:56.488000Z,ILL08
14,3,1.0,2017-06-04T18:02:09.488000Z,ILL08
14,4,1.0,2017-06-04T18:02:22.488000Z,ILL08
14,5,1.0,2017-06-04T18:02:35.488000Z,ILL08
15,0,4.0,2017-06-04T19:53:58.831600Z,ILL08
15,1,4.0,2017-06-04T19:54:11.831600Z,ILL08
16,0,4.0,2017-06-04T20:59:52.920600Z,ILL08
17,0,4.0,2017-06-04T21:29:33.712800Z,ILL08
17,1,4.0,2017-06-04T21:29:46.712800Z,ILL08
18,0,4.0,2017-06-05T14:10:08.436000Z,ILL08
18,1,4.0,2017-06-05T14:10:21.436000Z,ILL08
18,2,4.0,2017-06-05T14:10:34.436000Z,ILL08
18,3,4.0,2017-06-05T14:10:47.436000Z,ILL08
19,0,3.0,2017-06-05T16:51:04.501000Z,ILL08
19,1,3.0,2017-06-05T16:51:17.501000Z,ILL08
20,0,4.0,2017-06-05T20:37:40.921000Z,ILL08
20,1,4.0,2017-06-05T20:37:53.921000Z,ILL08
20,2,4.0,2017-06-05T20:38:06.921000Z,ILL08
20,3,4.0,2017-06-05T20:38:19.921000Z,ILL08
21,0,3.0,2017-06-06T02:31:09.094700Z,ILL08
21,1,3.0,2017-06-06T02:31:22.094700Z,ILL08
21,2,3.0,2017-06-06T02:31:35.094700Z,ILL08
21,3,3.0,2017-06-06T02:31:48.094700Z,ILL08
22,0,4.0,2017-06-06T04:06:36.936000Z,ILL08
22,1,4.0,2017-06-06T04:06:49.936000Z,ILL08
23,0,1.0,2017-06-06T07:18:07.471700Z,ILL08
23,1,1.0,2017-06-06T07:18:20.471700Z,ILL08
23,2,1.0,2017-06-06T07:18:33.471700Z,ILL08
23,3,1.0,2017-06-06T07:18:46.471700Z,ILL08
24,0,4.0,2017-06-06T07:24:44.169800Z,ILL08
25,0,4.0,2017-06-06T07:27:44.790100Z,ILL08
25,1,4.0,2017-06-06T07:27:57.790100Z,ILL08
25,2,4.0,2017-06-06T07:28:10.790100Z,ILL08
26,0,4.0,2017-06-06T11:20:27.994700Z,ILL08
26,1,4.0,2017-06-06T11:20:40.994700Z,ILL08
26,2,4.0,2017-06-06T11:20:53.994700Z,ILL08
28,0,1.0,2017-06-07T11:09:05.383700Z,ILL08
28,1,1.0,2017-06-07T11:09:18.383700Z,ILL08
29,0,4.0,2017-06-07T20:48:24.898100Z,ILL08
29,1,4.0,2017-06-07T20:48:37.898100Z,ILL08
29,2,4.0,2017-06-07T20:48:50.898100Z,ILL08
29,3,4.0,2017-06-07T20:49:03.898100Z,ILL08
29,4,4.0,2017-06-07T20:49:16.898100Z,ILL08
30,0,4.0,2017-06-08T06:57:07.410000Z,ILL08
30,1,4.0,2017-06-08T06:57:20.410000Z,ILL08
31,0,4.0,2017-06-08T13:46:35.545600Z,ILL08
31,1,4.0,2017-06-08T13:46:48.545600Z,ILL08
31,2,4.0,2017-06-08T13:47:01.545600Z,ILL08
31,3,4.0,2017-06-08T13:47:14.545600Z,ILL08
31,4,4.0,2017-06-08T13:47:27.545600Z,ILL08
31,5,4.0,2017-06-08T13:47:40.545600Z,ILL08
31,6,4.0,2017-06-08T13:47:53.545600Z,ILL08
31,7,4.0,2017-06-08T13:48:06.545600Z,ILL08
31,8,4.0,2017-06-08T13:48:19.545600Z,ILL08
31,9,4.0,2017-06-08T13:48:32.545600Z,ILL08
31,10,4.0,2017-06-08T13:48:45.545600Z,ILL08
31,11,4.0,2017-06-08T13:48:58.545600Z,ILL08
31,12,4.0,2017-06-08T13:49:11.545600Z,ILL08
31,13,4.0,2017-06-08T13:49:24.545600Z,ILL08
31,14,4.0,2017-06-08T13:49:37.545600Z,ILL08
31,15,4.0,2017-06-08T13:49:50.545600Z,ILL08
31,16,4.0,2017-06-08T13:50:03.545600Z,ILL08
32,0,4.0,2017-06-10T10:51:19.036200Z,ILL08
32,1,4.0,2017-06-10T10:51:32.036200Z,ILL08
32,2,4.0,2017-06-10T10:51:45.036200Z,ILL08
32,3,4.0,2017-06-10T10:51:58.036200Z,ILL08
34,0,1.0,2017-06-12T12:32:18.475800Z,ILL08
34,1,1.0,2017-06-12T12:32:31.475800Z,ILL08
34,2,1.0,2017-06-12T12:32:44.475800Z,ILL08
34,3,1.0,2017-06-12T12:32:57.475800Z,ILL08
34,4,1.0,2017-06-12T12:33:10.475800Z,ILL08
34,5,1.0,2017-06-12T12:33:23.475800Z,ILL08
35,0,1.0,2017-06-13T19:10:17.569300Z,ILL08
35,1,1.0,2017-06-13T19:10:30.569300Z,ILL08
37,0,1.0,2017-06-13T20:40:34.168400Z,ILL08
38,0,1.0,2017-06-13T22:30:40.023900Z,ILL08
38,1,1.0,2017-06-13T22:30:53.023900Z,ILL08
38,2,1.0,2017-06-13T22:31:06.023900Z,ILL08
38,3,1.0,2017-06-13T22:31:19.023900Z,ILL08
38,4,1.0,2017-06-13T22:31:32.023900Z,ILL08
38,5,1.0,2017-06-13T22:31:45.023900Z,ILL08
38,6,1.0,2017-06-13T22:31:58.023900Z,ILL08
38,7,1.0,2017-06-13T22:32:11.023900Z,ILL08
38,8,1.0,2017-06-13T22:32:24.023900Z,ILL08
38,9,1.0,2017-06-13T22:32:37.023900Z,ILL08
38,10,1.0,2017-06-13T22:32:50.023900Z,ILL08
38,11,1.0,2017-06-13T22:33:03.023900Z,ILL08
38,12,1.0,2017-06-13T22:33:16.023900Z,ILL08
38,13,1.0,2017-06-13T22:33:29.023900Z,ILL08
39,0,4.0,2017-06-14T06:16:34.649300Z,ILL08
39,1,4.0,2017-06-14T06:16:47.649300Z,ILL08
40,0,4.0,2017-06-14T13:09:13.852600Z,ILL08
40,1,4.0,2017-06-14T13:09:26.852600Z,ILL08
40,2,4.0,2017-06-14T13:09:39.852600Z,ILL08
41,0,4.0,2017-06-14T13:10:43.972200Z,ILL08
41,1,4.0,2017-06-14T13:10:56.972200Z,ILL08
41,2,4.0,2017-06-14T13:11:09.972200Z,ILL08
42,0,4.0,2017-06-14T13:14:23.502400Z,ILL08
42,1,4.0,2017-06-14T13:14:36.502400Z,ILL08
43,0,4.0,2017-06-14T13:20:25.192900Z,ILL08
43,1,4.0,2017-06-14T13:20:38.192900Z,ILL08
43,2,4.0,2017-06-14T13:20:51.192900Z,ILL08
44,0,4.0,2017-06-14T13:23:18.359200Z,ILL08
44,1,4.0,2017-06-14T13:23:31.359200Z,ILL08
44,2,4.0,2017-06-14T13:23:44.359200Z,ILL08
45,0,1.0,2017-06-14T22:11:51.017400Z,ILL08
45,1,1.0,2017-06-14T22:12:04.017400Z,ILL08
46,0,3.0,2017-06-15T02:49:17.643800Z,ILL08
46,1,3.0,2017-06-15T02:49:30.643800Z,ILL08
46,2,3.0,2017-06-15T02:49:43.643800Z,ILL08
46,3,3.0,2017-06-15T02:49:56.643800Z,ILL08
47,0,1.0,2017-06-16T23:46:02.342400Z,ILL08
47,1,1.0,2017-06-16T23:46:15.342400Z,ILL08
47,2,1.0,2017-06-16T23:46:28.342400Z,ILL08
47,3,1.0,2017-06-16T23:46:41.342400Z,ILL08
47,4,1.0,2017-06-16T23:46:54.342400Z,ILL08
47,5,1.0,2017-06-16T23:47:07.342400Z,ILL08
47,6,1.0,2017-06-16T23:47:20.342400Z,ILL08
47,7,1.0,2017-06-16T23:47:33.342400Z,ILL08
47,8,1.0,2017-06-16T23:47:46.342400Z,ILL08
47,9,1.0,2017-06-16T23:47:59.342400Z,ILL08
47,10,1.0,2017-06-16T23:48:12.342400Z,ILL08
47,11,1.0,2017-06-16T23:48:25.342400Z,ILL08
47,12,1.0,2017-06-16T23:48:38.342400Z,ILL08
47,13,1.0,2017-06-16T23:48:51.342400Z,ILL08
47,14,1.0,2017-06-16T23:49:04.342400Z,ILL08
47,15,1.0,2017-06-16T23:49:17.342400Z,ILL08
47,16,1.0,2017-06-16T23:49:30.342400Z,ILL08
47,17,1.0,2017-06-16T23:49:43.342400Z,ILL08
47,18,1.0,2017-06-16T23:49:56.342400Z,ILL08
47,19,1.0,2017-06-16T23:50:09.342400Z,ILL08
48,0,1.0,2017-06-17T19:53:41.968700Z,ILL08
48,1,1.0,2017-06-17T19:53:54.968700Z,ILL08
48,2,1.0,2017-06-17T19:54:07.968700Z,ILL08
48,3,1.0,2017-06-17T19:54:20.968700Z,ILL08
48,4,1.0,2017-06-17T19:54:33.968700Z,ILL08
48,5,1.0,2017-06-17T19:54:46.968700Z,ILL08
48,6,1.0,2017-06-17T19:54:59.968700Z,ILL08
48,7,1.0,2017-06-17T19:55:12.968700Z,ILL08
48,8,1.0,2017-06-17T19:55:25.968700Z,ILL08
48,9,1.0,2017-06-17T19:55:38.968700Z,ILL08
48,10,1.0,2017-06-17T19:55:51.968700Z,ILL08
49,0,1.0,2017-06-18T07:11:29.394700Z,ILL08
50,0,1.0,2017-06-18T13:12:05.234600Z,ILL08
50,1,1.0,2017-06-18T13:12:18.234600Z,ILL08
51,0,1.0,2017-06-20T01:38:01.336600Z,ILL08
51,1,1.0,2017-06-20T01:38:14.336600Z,ILL08
51,2,1.0,2017-06-20T01:38:27.336600Z,ILL08
51,3,1.0,2017-06-20T01:38:40.336600Z,ILL08
51,4,1.0,2017-06-20T01:38:53.336600Z,ILL08
51,5,1.0,2017-06-20T01:39:06.336600Z,ILL08
51,6,1.0,2017-06-20T01:39:19.336600Z,ILL08
51,7,1.0,2017-06-20T01:39:32.336600Z,ILL08
51,8,1.0,2017-06-20T01:39:45.336600Z,ILL08
51,9,1.0,2017-06-20T01:39:58.336600Z,ILL08
51,10,1.0,2017-06-20T01:40:11.336600Z,ILL08
52,0,1.0,2017-07-01T08:10:38.807000Z,ILL08
52,1,1.0,2017-07-01T08:10:51.807000Z,ILL08
52,2,1.0,2017-07-01T08:11:04.807000Z,ILL08
52,3,1.0,2017-07-01T08:11:17.807000Z,ILL08
52,4,1.0,2017-07-01T08:11:30.807000Z,ILL08
52,5,1.0,2017-07-01T08:11:43.807000Z,ILL08
52,6,1.0,2017-07-01T08:11:56.807000Z,ILL08
53,0,1.0,2017-07-01T09:29:36.737200Z,ILL08
53,1,1.0,2017-07-01T09:29:49.737200Z,ILL08
53,2,1.0,2017-07-01T09:30:02.737200Z,ILL08
53,3,1.0,2017-07-01T09:30:15.737200Z,ILL08
53,4,1.0,2017-07-01T09:30:28.737200Z,ILL08
54,0,1.0,2017-07-03T11:20:49.266800Z,ILL08
54,1,1.0,2017-07-03T11:21:02.266800Z,ILL08
54,2,1.0,2017-07-03T11:21:15.266800Z,ILL08
54,3,1.0,2017-07-03T11:21:28.266800Z,ILL08
54,4,1.0,2017-07-03T11:21:41.266800Z,ILL08
54,5,1.0,2017-07-03T11:21:54.266800Z,ILL08
54,6,1.0,2017-07-03T11:22:07.266800Z,ILL08
54,7,1.0,2017-07-03T11:22:20.266800Z,ILL08
54,8,1.0,2017-07-03T11:22:33.266800Z,ILL08
54,9,1.0,2017-07-03T11:22:46.266800Z,ILL08
54,10,1.0,2017-07-03T11:22:59.266800Z,ILL08
54,11,1.0,2017-07-03T11:23:12.266800Z,ILL08
54,12,1.0,2017-07-03T11:23:25.266800Z,ILL08
54,13,1.0,2017-07-03T11:23:38.266800Z,ILL08
54,14,1.0,2017-07-03T11:23:51.266800Z,ILL08
54,15,1.0,2017-07-03T11:24:04.266800Z,ILL08
54,16,1.0,2017-07-03T11:24:17.266800Z,ILL08
54,17,1.0,2017-07-03T11:24:30.266800Z,ILL08
54,18,1.0,2017-07-03T11:24:43.266800Z,ILL08
54,19,1.0,2017-07-03T11:24:56.266800Z,ILL08
54,20,1.0,2017-07-03T11:25:09.266800Z,ILL08
55,0,1.0,2017-07-03T18:15:52.490100Z,ILL08
55,1,1.0,2017-07-03T18:16:05.490100Z,ILL08
55,2,1.0,2017-07-03T18:16:18.490100Z,ILL08
56,0,1.0,2017-07-08T00:18:22.942300Z,ILL08
56,1,1.0,2017-07-08T00:18:35.942300Z,ILL08
56,2,1.0,2017-07-08T00:18:48.942300Z,ILL08
56,3,1.0,2017-07-08T00:19:01.942300Z,ILL08
56,4,1.0,2017-07-08T00:19:14.942300Z,ILL08
56,5,1.0,2017-07-08T00:19:27.942300Z,ILL08
57,0,1.0,2017-07-10T02:19:47.075600Z,ILL08
57,1,1.0,2017-07-10T02:20:00.075600Z,ILL08
57,2,1.0,2017-07-10T02:20:13.075600Z,ILL08
58,0,1.0,2017-07-20T22:34:58.350700Z,ILL08
58,1,1.0,2017-07-20T22:35:11.350700Z,ILL08
58,2,1.0,2017-07-20T22:35:24.350700Z,ILL08
58,3,1.0,2017-07-20T22:35:37.350700Z,ILL08
58,4,1.0,2017-07-20T22:35:50.350700Z,ILL08
58,5,1.0,2017-07-20T22:36:03.350700Z,ILL08
58,6,1.0,2017-07-20T22:36:16.350700Z,ILL08
58,7,1.0,2017-07-20T22:36:29.350700Z,ILL08
58,8,1.0,2017-07-20T22:36:42.350700Z,ILL08
58,9,1.0,2017-07-20T22:36:55.350700Z,ILL08
58,10,1.0,2017-07-20T22:37:08.350700Z,ILL08
58,11,1.0,2017-07-20T22:37:21.350700Z,ILL08
58,12,1.0,2017-07-20T22:37:34.350700Z,ILL08
58,13,1.0,2017-07-20T22:37:47.350700Z,ILL08
58,14,1.0,2017-07-20T22:38:00.350700Z,ILL08
58,15,1.0,2017-07-20T22:38:13.350700Z,ILL08
58,16,1.0,2017-07-20T22:38:26.350700Z,ILL08
58,17,1.0,2017-07-20T22:38:39.350700Z,ILL08
58,18,1.0,2017-07-20T22:38:52.350700Z,ILL08
58,19,1.0,2017-07-20T22:39:05.350700Z,ILL08
58,20,1.0,2017-07-20T22:39:18.350700Z,ILL08
58,21,1.0,2017-07-20T22:39:31.350700Z,ILL08
58,22,1.0,2017-07-20T22:39:44.350700Z,ILL08
58,23,1.0,2017-07-20T22:39:57.350700Z,ILL08
58,24,1.0,2017-07-20T22:40:10.350700Z,ILL08
58,25,1.0,2017-07-20T22:40:23.350700Z,ILL08
58,26,1.0,2017-07-20T22:40:36.350700Z,ILL08
59,0,1.0,2017-07-21T17:04:33.594000Z,ILL08
59,1,1.0,2017-07-21T17:04:46.594000Z,ILL08
59,2,1.0,2017-07-21T17:04:59.594000Z,ILL08
59,3,1.0,2017-07-21T17:05:12.594000Z,ILL08
59,4,1.0,2017-07-21T17:05:25.594000Z,ILL08
59,5,1.0,2017-07-21T17:05:38.594000Z,ILL08
59,6,1.0,2017-07-21T17:05:51.594000Z,ILL08
59,7,1.0,2017-07-21T17:06:04.594000Z,ILL08
59,8,1.0,2017-07-21T17:06:17.594000Z,ILL08
60,0,1.0,2017-07-31T19:30:45.999200Z,ILL08
60,1,1.0,2017-07-31T19:30:58.999200Z,ILL08
60,2,1.0,2017-07-31T19:31:11.999200Z,ILL08
60,3,1.0,2017-07-31T19:31:24.999200Z,ILL08
60,4,1.0,2017-07-31T19:31:37.999200Z,ILL08
61,0,1.0,2017-07-31T19:44:37.727700Z,ILL08
61,1,1.0,2017-07-31T19:44:50.727700Z,ILL08
61,2,1.0,2017-07-31T19:45:03.727700Z,ILL08
62,0,1.0,2017-08-01T00:26:51.400700Z,ILL08
62,1,1.0,2017-08-01T00:27:04.400700Z,ILL08
62,2,1.0,2017-08-01T00:27:17.400700Z,ILL08
63,0,0.0,2017-06-02T10:03:17.825700Z,ILL08
64,0,0.0,2017-06-02T10:08:59.065300Z,ILL08
65,0,0.0,2017-06-02T10:13:34.053700Z,ILL08
66,0,0.0,2017-06-02T10:22:31.115200Z,ILL08
67,0,0.0,2017-06-02T10:32:35.056300Z,ILL08
68,0,0.0,2017-06-02T10:48:11.370900Z,ILL08
69,0,0.0,2017-06-02T11:18:20.122600Z,ILL08
70,0,0.0,2017-06-02T11:40:38.831900Z,ILL08
71,0,0.0,2017-06-02T12:25:45.430900Z,ILL08
72,0,0.0,2017-06-02T12:35:15.165300Z,ILL08
73,0,0.0,2017-06-02T13:27:30.130000Z,ILL08
74,0,0.0,2017-06-02T14:14:22.704200Z,ILL08
75,0,0.0,2017-06-02T15:04:05.161200Z,ILL08
76,0,0.0,2017-06-02T16:31:10.174800Z,ILL08
77,0,0.0,2017-06-02T16:59:45.936200Z,ILL08
78,0,0.0,2017-06-02T18:07:45.672300Z,ILL08
79,0,0.0,2017-06-02T18:18:45.674500Z,ILL08
80,0,0.0,2017-06-02T19:51:57.398000Z,ILL08
81,0,0.0,2017-06-03T02:34:58.529600Z,ILL08
82,0,0.0,2017-06-03T05:00:34.953700Z,ILL08
83,0,0.0,2017-06-03T05:15:11.313200Z,ILL08
84,0,0.0,2017-06-03T05:26:13.182400Z,ILL08
85,0,0.0,2017-06-03T05:33:19.877800Z,ILL08
86,0,0.0,2017-06-03T05:42:05.483600Z,ILL08
87,0,0.0,2017-06-03T06:20:46.646500Z,ILL08
88,0,0.0,2017-06-03T08:12:14.849400Z,ILL08
89,0,0.0,2017-06-03T08:15:30.857200Z,ILL08
90,0,0.0,2017-06-03T08:56:41.504300Z,ILL08
91,0,0.0,2017-06-03T09:13:28.528400Z,ILL08
92,0,0.0,2017-06-03T09:32:23.273100Z,ILL08
93,0,0.0,2017-06-03T18:10:33.299400Z,ILL08
94,0,0.0,2017-06-03T18:24:56.911200Z,ILL08
95,0,0.0,2017-06-03T18:24:56.911200Z,ILL08
96,0,0.0,2017-06-03T18:39:20.523100Z,ILL08
97,0,0.0,2017-06-04T01:09:37.927800Z,ILL08
98,0,0.0,2017-06-04T01:11:34.627200Z,ILL08
99,0,0.0,2017-06-04T01:13:26.795800Z,ILL08
100,0,0.0,2017-06-04T01:17:00.519800Z,ILL08
101,0,0.0,2017-06-04T01:24:05.315200Z,ILL08
102,0,0.0,2017-06-04T01:25:35.687700Z,ILL08
103,0,0.0,2017-06-04T01:27:10.310400Z,ILL08
104,0,0.0,2017-06-04T02:34:19.713900Z,ILL08
105,0,0.0,2017-06-04T05:43:35.917800Z,ILL08
106,0,0.0,2017-06-04T07:10:06.497600Z,ILL08
107,0,0.0,2017-06-04T12:10:04.187600Z,ILL08
108,0,0.0,2017-06-04T16:43:32.812600Z,ILL08
109,0,0.0,2017-06-05T03:31:15.345500Z,ILL08
110,0,0.0,2017-06-05T10:57:27.312600Z,ILL08
111,0,0.0,2017-06-05T13:50:10.654700Z,ILL08
112,0,0.0,2017-06-05T13:50:10.654700Z,ILL08
113,0,0.0,2017-06-05T15:42:11.583000Z,ILL08
114,0,0.0,2017-06-05T16:42:53.996900Z,ILL08
115,0,0.0,2017-06-05T18:55:28.503600Z,ILL08
116,0,0.0,2017-06-05T19:24:39.162800Z,ILL08
117,0,0.0,2017-06-05T19:36:25.396600Z,ILL08
118,0,0.0,2017-06-06T02:37:44.032100Z,ILL08
119,0,0.0,2017-06-06T03:45:49.594600Z,ILL08
120,0,0.0,2017-06-06T10:23:53.773600Z,ILL08
121,0,0.0,2017-06-06T10:37:36.306100Z,ILL08
122,0,0.0,2017-06-06T13:18:42.426700Z,ILL08
123,0,0.0,2017-06-06T16:28:05.134200Z,ILL08
124,0,0.0,2017-06-06T21:34:00.277000Z,ILL08
125,0,0.0,2017-06-06T23:59:40.821300Z,ILL08
126,0,0.0,2017-06-07T01:41:39.202200Z,ILL08
127,0,0.0,2017-06-07T09:42:14.814300Z,ILL08
128,0,0.0,2017-06-07T13:11:05.119000Z,ILL08
129,0,0.0,2017-06-07T19:45:21.269300Z,ILL08
130,0,0.0,2017-06-08T11:44:17.252200Z,ILL08
131,0,0.0,2017-06-08T18:53:48.470300Z,ILL08
132,0,0.0,2017-06-09T02:08:45.906400Z,ILL08
133,0,0.0,2017-06-09T05:13:37.316700Z,ILL08
134,0,0.0,2017-06-09T09:50:54.432200Z,ILL08
135,0,0.0,2017-06-09T15:00:48.855400Z,ILL08
136,0,0.0,2017-06-09T18:54:36.227300Z,ILL08
137,0,0.0,2017-06-09T23:42:45.778700Z,ILL08
138,0,0.0,2017-06-10T00:53:26.612100Z,ILL08
139,0,0.0,2017-06-10T02:20:26.099300Z,ILL08
140,0,0.0,2017-06-10T03:41:59.368500Z,ILL08
141,0,0.0,2017-06-10T05:25:17.509600Z,ILL08
142,0,0.0,2017-06-10T06:46:50.778900Z,ILL08
143,0,0.0,2017-06-10T08:13:50.266100Z,ILL08
144,0,0.0,2017-06-10T09:18:10.191100Z,ILL08
145,0,0.0,2017-06-10T09:58:25.711500Z,ILL08
146,0,0.0,2017-06-10T10:46:44.336000Z,ILL08
147,0,0.0,2017-06-10T12:15:18.481000Z,ILL08
148,0,0.0,2017-06-10T15:16:28.322900Z,ILL08
149,0,0.0,2017-06-10T16:20:53.155600Z,ILL08
150,0,0.0,2017-06-10T17:05:10.228100Z,ILL08
151,0,0.0,2017-06-10T17:45:25.748500Z,ILL08
152,0,0.0,2017-06-10T18:41:47.477100Z,ILL08
153,0,0.0,2017-06-10T20:22:26.278200Z,ILL08
154,0,0.0,2017-06-10T22:35:17.495600Z,ILL08
155,0,0.0,2017-06-11T00:19:57.848800Z,ILL08
156,0,0.0,2017-06-11T01:24:22.681500Z,ILL08
157,0,0.0,2017-06-11T02:16:42.858000Z,ILL08
158,0,0.0,2017-06-11T03:29:10.794800Z,ILL08
159,0,0.0,2017-06-11T04:37:37.179500Z,ILL08
160,0,0.0,2017-06-11T05:38:00.460200Z,ILL08
161,0,0.0,2017-06-11T06:46:26.844900Z,ILL08
162,0,0.0,2017-06-11T07:50:51.677600Z,ILL08
163,0,0.0,2017-06-11T08:51:14.958300Z,ILL08
164,0,0.0,2017-06-11T10:52:01.519600Z,ILL08
165,0,0.0,2017-06-11T12:32:40.320700Z,ILL08
166,0,0.0,2017-06-11T14:33:26.881900Z,ILL08
167,0,0.0,2017-06-11T17:06:25.859600Z,ILL08
168,0,0.0,2017-06-11T18:22:55.348400Z,ILL08
169,0,0.0,2017-06-11T19:23:18.629100Z,ILL08
170,0,0.0,2017-06-11T20:19:40.357700Z,ILL08
171,0,0.0,2017-06-11T21:24:05.190400Z,ILL08
172,0,0.0,2017-06-11T22:56:40.887400Z,ILL08
173,0,0.0,2017-06-11T23:36:56.407800Z,ILL08
174,0,0.0,2017-06-12T00:57:27.448700Z,ILL08
175,0,0.0,2017-06-12T02:01:52.281400Z,ILL08
176,0,0.0,2017-06-12T03:02:15.562000Z,ILL08
177,0,0.0,2017-06-12T05:47:19.195800Z,ILL08
178,0,0.0,2017-06-12T07:56:08.861200Z,ILL08
179,0,0.0,2017-06-12T09:16:39.902000Z,ILL08
180,0,0.0,2017-06-12T10:04:58.526500Z,ILL08
181,0,0.0,2017-06-12T10:57:18.703100Z,ILL08
182,0,0.0,2017-06-12T13:42:22.336900Z,ILL08
183,0,0.0,2017-06-12T14:42:45.617500Z,ILL08
184,0,0.0,2017-06-12T15:55:13.554300Z,ILL08
185,0,0.0,2017-06-12T17:19:46.147200Z,ILL08
186,0,0.0,2017-06-12T18:28:12.532000Z,ILL08
187,0,0.0,2017-06-12T19:24:34.260600Z,ILL08
188,0,0.0,2017-06-12T20:20:55.989200Z,ILL08
189,0,0.0,2017-06-12T21:29:22.373900Z,ILL08
190,0,0.0,2017-06-12T22:49:53.414800Z,ILL08
191,0,0.0,2017-06-13T00:06:22.903600Z,ILL08
192,0,0.0,2017-06-13T01:06:46.184200Z,ILL08
193,0,0.0,2017-06-13T02:03:07.912800Z,ILL08
194,0,0.0,2017-06-13T06:52:59.660000Z,ILL08
195,0,0.0,2017-06-13T07:49:21.388600Z,ILL08
196,0,0.0,2017-06-13T12:15:03.823400Z,ILL08
197,0,0.0,2017-06-13T13:15:27.104100Z,ILL08
198,0,0.0,2017-06-13T14:31:56.592900Z,ILL08
199,0,0.0,2017-06-13T15:56:29.185800Z,ILL08
200,0,0.0,2017-06-13T16:48:49.362400Z,ILL08
201,0,0.0,2017-06-13T17:53:14.195100Z,ILL08
202,0,0.0,2017-06-13T21:22:34.901300Z,ILL08
203,0,0.0,2017-06-13T22:10:53.525800Z,ILL08
204,0,0.0,2017-06-13T23:11:16.806500Z,ILL08
205,0,0.0,2017-06-14T00:23:44.743300Z,ILL08
206,0,0.0,2017-06-14T01:52:18.888200Z,ILL08
207,0,0.0,2017-06-14T03:00:45.273000Z,ILL08
208,0,0.0,2017-06-14T06:22:02.875100Z,ILL08
209,0,0.0,2017-06-14T07:26:27.707800Z,ILL08
210,0,0.0,2017-06-14T12:24:22.559000Z,ILL08
211,0,0.0,2017-06-14T15:09:26.192800Z,ILL08
212,0,0.0,2017-06-14T16:33:58.785700Z,ILL08
213,0,0.0,2017-06-14T19:06:57.763300Z,ILL08
214,0,0.0,2017-06-14T20:39:33.460300Z,ILL08
215,0,0.0,2017-06-14T21:52:01.397100Z,ILL08
216,0,0.0,2017-06-14T23:12:32.438000Z,ILL08
217,0,0.0,2017-06-14T23:56:49.510500Z,ILL08
218,0,0.0,2017-06-15T01:25:23.655400Z,ILL08
219,0,0.0,2017-06-15T02:33:50.040100Z,ILL08
220,0,0.0,2017-06-15T03:54:21.081000Z,ILL08
221,0,0.0,2017-06-15T05:18:53.673900Z,ILL08
222,0,0.0,2017-06-15T06:11:13.850500Z,ILL08
223,0,0.0,2017-06-15T06:51:29.370900Z,ILL08
224,0,0.0,2017-06-15T07:43:49.547500Z,ILL08
225,0,0.0,2017-06-15T08:32:08.172000Z,ILL08
226,0,0.0,2017-06-15T09:44:36.108800Z,ILL08
227,0,0.0,2017-06-15T10:57:04.045600Z,ILL08
228,0,0.0,2017-06-15T12:13:33.534400Z,ILL08
229,0,0.0,2017-06-15T13:26:01.471200Z,ILL08
230,0,0.0,2017-06-15T13:26:01.471200Z,ILL08
231,0,0.0,2017-06-15T14:26:24.751800Z,ILL08
232,0,0.0,2017-06-15T15:22:46.480400Z,ILL08
233,0,0.0,2017-06-15T18:11:51.666200Z,ILL08
234,0,0.0,2017-06-15T19:16:16.498900Z,ILL08
235,0,0.0,2017-06-15T21:08:59.956100Z,ILL08
236,0,0.0,2017-06-15T22:41:35.653100Z,ILL08
237,0,0.0,2017-06-16T00:14:11.350100Z,ILL08
238,0,0.0,2017-06-16T01:30:40.838900Z,ILL08
239,0,0.0,2017-06-16T03:59:38.264600Z,ILL08
240,0,0.0,2017-06-16T04:47:56.889100Z,ILL08
241,0,0.0,2017-06-16T05:48:20.169700Z,ILL08
242,0,0.0,2017-06-16T06:32:37.242200Z,ILL08
243,0,0.0,2017-06-16T08:17:17.595300Z,ILL08
244,0,0.0,2017-06-16T09:53:54.844400Z,ILL08
245,0,0.0,2017-06-16T12:22:52.270000Z,ILL08
246,0,0.0,2017-06-16T13:19:13.998600Z,ILL08
247,0,0.0,2017-06-16T14:43:46.591500Z,ILL08
248,0,0.0,2017-06-16T16:24:25.392600Z,ILL08
249,0,0.0,2017-06-16T18:17:08.849800Z,ILL08
250,0,0.0,2017-06-16T19:21:33.682500Z,ILL08
251,0,0.0,2017-06-16T20:34:01.619200Z,ILL08
252,0,0.0,2017-06-16T22:06:37.316200Z,ILL08
253,0,0.0,2017-06-16T23:02:59.044800Z,ILL08
254,0,0.0,2017-06-17T00:19:28.533700Z,ILL08
255,0,0.0,2017-06-17T02:20:15.095000Z,ILL08
256,0,0.0,2017-06-17T02:20:15.095000Z,ILL08
257,0,0.0,2017-06-17T03:40:46.135800Z,ILL08
258,0,0.0,2017-06-17T05:29:28.041000Z,ILL08
259,0,0.0,2017-06-17T06:58:02.186000Z,ILL08
260,0,0.0,2017-06-17T08:46:44.091100Z,ILL08
261,0,0.0,2017-06-17T10:27:22.892200Z,ILL08
262,0,0.0,2017-06-17T11:43:52.381000Z,ILL08
263,0,0.0,2017-06-17T12:44:15.661700Z,ILL08
264,0,0.0,2017-06-17T13:40:37.390300Z,ILL08
265,0,0.0,2017-06-17T14:57:06.879100Z,ILL08
266,0,0.0,2017-06-17T16:01:31.711800Z,ILL08
267,0,0.0,2017-06-17T17:05:56.544500Z,ILL08
268,0,0.0,2017-06-17T18:14:22.929200Z,ILL08
269,0,0.0,2017-06-17T19:38:55.522100Z,ILL08
270,0,0.0,2017-06-17T19:47:36.627800Z,ILL08
271,0,0.0,2017-06-17T21:15:32.771200Z,ILL08
272,0,0.0,2017-06-17T22:40:05.364100Z,ILL08
273,0,0.0,2017-06-17T22:40:05.364100Z,ILL08
274,0,0.0,2017-06-18T00:48:55.029500Z,ILL08
275,0,0.0,2017-06-18T01:41:15.206000Z,ILL08
276,0,0.0,2017-06-18T03:29:57.111200Z,ILL08
277,0,0.0,2017-06-18T04:43:17.622100Z,ILL08
278,0,0.0,2017-06-18T06:04:47.078800Z,ILL08
279,0,0.0,2017-06-18T09:08:08.356100Z,ILL08
280,0,0.0,2017-06-18T10:37:46.758400Z,ILL08
281,0,0.0,2017-06-18T10:37:46.758400Z,ILL08
282,0,0.0,2017-06-18T12:11:29.633500Z,ILL08
283,0,0.0,2017-06-18T13:37:03.563000Z,ILL08
284,0,0.0,2017-06-18T15:14:50.910900Z,ILL08
285,0,0.0,2017-06-18T16:24:06.949000Z,ILL08
286,0,0.0,2017-06-18T17:37:27.460000Z,ILL08
287,0,0.0,2017-06-18T18:54:52.443800Z,ILL08
288,0,0.0,2017-06-18T20:16:21.900400Z,ILL08
289,0,0.0,2017-06-18T21:25:37.938500Z,ILL08
290,0,0.0,2017-06-18T22:43:59.088300Z,ILL08
